<?xml version="1.0" encoding="UTF-8"?>
<includes>

    <constant name="sidepad">80</constant>
    <constant name="settings_top">126</constant> <!-- 156 -->
    <constant name="settings_height">954</constant> <!-- 880 -->
    <constant name="topbar_height">156</constant> <!-- 186 -->
    <constant name="view_top">154</constant> <!-- 184 -->
    <constant name="view_left">616</constant> <!-- 596 -->
    <constant name="view_width">1138</constant> <!-- 1158 -->
    <constant name="info_left">746</constant> <!-- 736 -->
    <constant name="lovefilm_height">844</constant>
    <constant name="poster_height">924</constant> <!-- 894 -->
    <constant name="musicposter_width">536</constant> <!-- 516 -->
    <constant name="musicposter_infotop">576</constant> <!-- 556 -->
    <constant name="listitem_height">102.66</constant> <!-- 99.3 -->
    <constant name="alphabet_item_height">65</constant> <!-- 63 -->
    <constant name="alphabet_bottom">14</constant> <!-- 12 -->
    <constant name="infolist_left">656</constant> <!-- 646 -->
    <constant name="infolist_width">1036</constant> <!-- 1056 -->
    <constant name="infolist_item_height">81.2</constant> <!-- 84 -->
    <constant name="infolist2_icon_height">302</constant> <!-- 290 -->
    <constant name="infolist3_plot_height">220</constant> <!-- 170 -->
    <constant name="infolist_top">518</constant>
    <constant name="info_details_width">256</constant>
    <constant name="info_details_left">716</constant>
    <constant name="showcase_top">471.5</constant> <!-- 441.5 -->
    <constant name="widget_spacer_top">41</constant> <!-- 76 -->
    <constant name="widget_spacer_bottom">301</constant> <!-- 473 -->
    <constant name="widget_poster_top">342</constant> <!-- 374 --> <!-- upwards move position -->
    <constant name="widget_poster_spacer">738</constant> <!-- 708 --> <!-- downwards move position -->
    <constant name="widget_poster_label_top">-806</constant> <!-- -774 --> <!-- label position -->
    <constant name="widget_poster_label_spacer">470</constant> <!-- 451 --> <!-- space between items -->
    <constant name="widget_submenu_spacer">506</constant> <!-- 476 -->
    <constant name="widget_submenu_label_top">-574</constant> <!-- -542 -->
    <constant name="widget_submenu_label_spacer">233</constant> <!-- 214 -->
    


</includes>