<?xml version="1.0" encoding="UTF-8"?>
<!-- Foundation -->
<window id="104">
    <zorder>10</zorder>
    <controls>

        <!-- Mute bug for OSD -->
        <control type="group">
            <visible>[VideoPlayer.IsFullscreen | Window.IsVisible(MusicVisualisation.xml)]</visible>
            <visible>Player.Muted</visible>
            <visible>![Player.ShowInfo | Window.IsVisible(script-cu-lrclyrics-main.xml) | !String.IsEmpty(Window(Home).Property(OSDInfo)) | Player.ShowInfo | Window.IsActive(DialogFullScreenInfo.xml) | [Player.Paused + Skin.HasSetting(ShowInfoPaused)]]</visible>
            <include>Animation_OSD_Notification</include>
            <include>Animation_FadeIn_Slide</include>
            <control type="image">
                <width>116</width>
                <height>116</height>
                <left>52</left>
                <top>40</top>
                <texture flipy="true" colordiffuse="panel_bg" border="24">common/rounded-shadow8.png</texture>
            </control>
            <control type="image">
                <left>70</left>
                <top>58</top>
                <width>80</width>
                <height>80</height>
                <texture colordiffuse="main_fg_100">buttons/mute.png</texture>
            </control>
        </control>

        <control type="group">
            <include>Animation_FadeIn_Slide</include>
            <visible>!Player.Muted</visible>

            <!-- Volume bar -->
            <control type="group">
                <top>48</top>
                <include>Animation_OSD_Notification</include>
                <control type="label">
                    <width>200</width>
                    <right>80</right>
                    <height>48</height>
                    <label>$LOCALIZE[13376]</label>
                    <aligny>center</aligny>
                    <align>right</align>
                    <font>font_topbar</font>
                    <textcolor>main_fg_100</textcolor>
                    <shadowcolor>main_bg_30</shadowcolor>
                </control>
                <control type="grouplist">
                    <right>85</right>
                    <height>100</height>
                    <align>right</align>
                    <orientation>horizontal</orientation>
                    <itemgap>0</itemgap>
                    <usecontrolcoords>true</usecontrolcoords>
                    
                    <control type="label">
                        <top>48</top>
                        <height>42</height>
                        <align>right</align>
                        <font>font_small</font>
                        <aligny>center</aligny>
                        <width>auto</width>
                        <height>100%</height>
                        <shadowcolor>main_bg_30</shadowcolor>
                        <textcolor>main_fg_100</textcolor>
                        <label>$INFO[Player.Volume,  ,    ]</label>
                    </control>
                    <control type="group">
                        <top>65</top>
                        <width>200</width>
                        <control type="progress">
                            <width>200</width>
                            <height>14</height>
                            <info>Player.Volume</info>
                            <lefttexture colordiffuse="$VAR[ColorHighlight2]">osd/progress-end.png</lefttexture>
                            <midtexture colordiffuse="$VAR[ColorHighlight2]">osd/progress-end.png</midtexture>
                            <righttexture colordiffuse="$VAR[ColorHighlight2]">osd/progress-end.png</righttexture>
                        </control>
                        <control type="progress">
                            <width>200</width>
                            <height>14</height>
                            <info>Player.Volume</info>
                            <texturebg colordiffuse="00ffffff">osd/progress-bg.png</texturebg>
                            <lefttexture colordiffuse="$VAR[ColorHighlight]">osd/progress-end.png</lefttexture>
                            <midtexture colordiffuse="$VAR[ColorHighlight]">osd/progress-end.png</midtexture>
                            <righttexture colordiffuse="$VAR[ColorHighlight]">osd/progress-end.png</righttexture>
                            <include content="Defs_Progress_Colorfade">
                                <param name="id" value="1" />
                            </include>
                        </control>
                    </control>
                    <control type="label">
                        <top>48</top>
                        <height>42</height>
                        <align>right</align>
                        <font>font_small</font>
                        <aligny>center</aligny>
                        <width>80</width>
                        <height>100%</height>
                        <textcolor>main_fg_100</textcolor>
                        <shadowcolor>main_bg_30</shadowcolor>
                        <label>$INFO[Control.GetLabel(1),,%]</label>
                    </control>
                </control>
            </control>
        </control>

        <control type="progress" id="1">
            <description>progress control</description>
            <left>104</left>
            <right>24</right>
            <bottom>24</bottom>
            <height>8</height>
            <texturebg colordiffuse="dialog_bg_12">osd/progress-bg.png</texturebg>
            <info>Player.Volume</info>
            <visible>false</visible>
        </control>

    </controls>

</window>
