<?xml version="1.0" encoding="UTF-8"?>
<!-- Foundation -->
<window id="145">
    <defaultcontrol always="true">11</defaultcontrol>

    <zorder>5</zorder>

    <controls>
        <control type="group">
            <include>Animation_FadeIn_Slide</include>
            <centerleft>50%</centerleft>
            <top>-20</top>
            <width>680</width>
            <height>182</height>
            <control type="image">
                <include>Defs_Shadow</include>
                <texture>common/gradient-solid.png</texture>
            </control>
            <include>Defs_Color_Overlay</include>
            <control type="label" id="10">
                <description>Heading</description>
                <top>20</top>
                <left>30</left>
                <right>30</right>
                <font>font_medium_bold</font>
                <textcolor>main_fg_70</textcolor>
                <height>70</height>
            </control>

            <control type="label" id="12">
                <description>Label</description>
                <top>20</top>
                <left>30</left>
                <right>30</right>
                <font>font_small_bold</font>
                <textcolor>main_fg_70</textcolor>
                <height>70</height>
                <align>right</align>
            </control>

            <control type="slider" id="11">
                <description>Slider</description>
                <top>120</top>
                <left>30</left>
                <width>620</width>
                <onleft>11</onleft>
                <onright>11</onright>
                <texturesliderbar>other_textures/OSD/slider_bg_2.png</texturesliderbar>
            </control>

        </control>

    </controls>

</window>
