<?xml version="1.0" encoding="UTF-8"?>
<!-- Foundation -->
<window id="2003">
    <defaultcontrol always="true">8</defaultcontrol>
    <onload condition="!String.IsEmpty(ListItem.DBID) + [Container.Content(tvshows) | Container.Content(seasons)] + !Skin.HasSetting(DisableNextUpInfo)">SetFocus(9501)</onload>
    <onload>ClearProperty(FocusedList,Home)</onload>
    <onunload>ClearProperty(FocusedList,Home)</onunload>
    <onload>ClearProperty(ListFanartContent,Home)</onload>
    <onunload>ClearProperty(ListFanartContent,Home)</onunload>
    <onload>ClearProperty(MenuFocus,Home)</onload>
    <onload>ClearProperty(TrailerPlaying,Home)</onload>
    <onunload>ClearProperty(TrailerPlaying,Home)</onunload>
    <controls>

        <control type="group">
            <visible>!Window.IsVisible(script-script.extendedinfo-DialogVideoInfo.xml) + !Window.IsVisible(script-script.extendedinfo-DialogInfo.xml)</visible>
            <height>topbar_height</height>
            <include>Topbar_TextDetails</include>
        </control>

        <include>View_Info_Poster</include>

        <control type="group">
            <control type="group">
                <visible>!Window.IsVisible(script-script.extendedinfo-DialogVideoInfo.xml) + !Window.IsVisible(script-script.extendedinfo-DialogInfo.xml)</visible>
                <include>Animation_Right_Delay</include>
                <top>view_top</top>
                <include>Animation_Home_Textbar_Slideover_Library</include>
                <!-- Plot -->
                <control type="group">
                    <left>info_left</left>
                    <top>20</top>
                    <right>70</right>
                    <control type="grouplist">
                        <top>20</top>
                        <height>42</height>
                        <left>0</left>
                        <align>left</align>
                        <itemgap>12</itemgap>
                        <usecontrolcoords>true</usecontrolcoords>
                        <orientation>horizontal</orientation>
                        <include>Object_DownArrows</include>
                        <control type="label">
                            <font>font_small</font>
                            <textcolor>main_fg_100</textcolor>
                            <aligny>center</aligny>
                            <width>auto</width>
                            <height>100%</height>
                            <label>$LOCALIZE[207]</label>
                            <visible>!Container.Content(musicvideos)</visible>
                        </control>
                        <control type="label">
                            <font>font_small</font>
                            <textcolor>main_fg_100</textcolor>
                            <aligny>center</aligny>
                            <width>auto</width>
                            <height>100%</height>
                            <label>$LOCALIZE[21821]</label>
                            <visible>Container.Content(musicvideos)</visible>
                        </control>
                    </control>
                    <control type="textbox">
                        <top>70</top>
                        <height>130</height>
                        <textcolor>main_fg_70</textcolor>
                        <font>font_plotbox</font>
                        <label>$VAR[Label_Plot]</label>
                        <visible>!Container.Content(musicvideos)</visible>
                    </control>
                    <control type="textbox">
                        <top>70</top>
                        <height>520</height>
                        <textcolor>main_fg_70</textcolor>
                        <font>font_plotbox</font>
                        <label>$VAR[Label_Plot]</label>
                        <visible>Container.Content(musicvideos)</visible>
                    </control>
                </control>

                <!-- Cast / Directed By -->
                <control type="group" id="9000">
                    <top>230</top>
                    <left>info_left</left>
                    <right>0</right>
                    <height>420</height>
                    <visible>!Container.Content(musicvideos)</visible>
                    <control type="grouplist">
                        <top>20</top>
                        <height>42</height>
                        <left>0</left>
                        <align>left</align>
                        <itemgap>12</itemgap>
                        <usecontrolcoords>true</usecontrolcoords>
                        <orientation>horizontal</orientation>
                        <include>Object_DownArrows</include>
                        <control type="label">
                            <font>font_small</font>
                            <textcolor>main_fg_100</textcolor>
                            <aligny>center</aligny>
                            <width>auto</width>
                            <height>100%</height>
                            <label>$VAR[Label_VideoInfo_Title]$VAR[Label_VideoInfo_InfoLine, ,]</label>
                        </control>
                        <control type="label">
                            <aligny>center</aligny>
                            <width>auto</width>
                            <height>50</height>
                            <font>font_statusbar</font>
                            <textcolor>main_fg_70</textcolor>
                            <label>($LOCALIZE[31274])</label>
                            <visible>Control.HasFocus(50)</visible>
                        </control>
                    </control>

                    <control type="list" id="50">
                        <visible allowhiddenfocus="true">String.IsEqual(Window(Home).Property(FocusedList),50) | Control.HasFocus(50) | String.IsEmpty(Window(Home).Property(FocusedList))</visible>
                        <include>Animation_FadeInOut</include>
                        <ondown condition="System.hasAddon(script.extendedinfo) + Control.HasFocus(50)">RunScript(script.extendedinfo,info=extendedactorinfo,name=$INFO[Container(50).ListItem.Label])</ondown>
                        <ondown condition="!System.hasAddon(script.extendedinfo)">InstallAddon(script.extendedinfo)</ondown>
                        <onleft>300</onleft>
                        <onright>noop</onright>
                        <include>View_Info_Movement</include>
                        <onfocus>SetProperty(FocusedList,50,Home)</onfocus>
                        <orientation>horizontal</orientation>
                        <animation effect="fade" start="100" end="0" time="0" condition="Container(50).IsUpdating">Conditional</animation>
                        <include content="View_Actor_Layout">
                            <param name="id" value="50" />
                        </include>
                    </control>
                    <include content="Dialog_VideoInfo_BusyIndicator">
                        <param name="id" value="50" />
                    </include>
                    <control type="list" id="9501">
                        <visible allowhiddenfocus="true">String.IsEqual(Window(Home).Property(FocusedList),9501) | Control.HasFocus(9501)</visible>
                        <orientation>horizontal</orientation>
                        <onleft>300</onleft>
                        <onright>noop</onright>
                        <include>Animation_FadeInOut</include>
                        <onup>ClearProperty(FocusedList)</onup>
                        <onup>SetFocus(9601)</onup>
                        <onfocus>PageUp</onfocus>
                        <onfocus>PageUp</onfocus>
                        <onfocus>SetProperty(FocusedList,9501,Home)</onfocus>
                        <onback>ClearProperty(FocusedList)</onback>
                        <onback>50</onback>
                        <animation effect="fade" start="100" end="0" time="0" condition="Container(9501).IsUpdating">Conditional</animation>
                        <include content="View_Actor_Layout">
                            <param name="id" value="9501" />
                            <param name="infolabel" value="true" />
                            <param name="label2" value="Aired $INFO[ListItem.Premiered]" />
                            <param name="itemwidth" value="567" />
                            <param name="episodelayout" value="true" />
                        </include>
                        <content limit="3" sortby="playcount" sortdirection="descending">videodb://inprogresstvshows/$INFO[ListItem.DBID]/-2/?tvshowid=$INFO[ListItem.DBID]</content>
                    </control>
                    <include content="Dialog_VideoInfo_BusyIndicator">
                        <param name="id" value="9501" />
                    </include>
                    <control type="list" id="9502">
                        <visible allowhiddenfocus="true">String.IsEqual(Window(Home).Property(FocusedList),9502) | Control.HasFocus(9502)</visible>
                        <orientation>horizontal</orientation>
                        <onleft>300</onleft>
                        <onright>noop</onright>
                        <include>Animation_FadeInOut</include>
                        <include>View_Info_Movement</include>
                        <onfocus>SetProperty(FocusedList,9502,Home)</onfocus>
                        <onback>ClearProperty(FocusedList)</onback>
                        <onback>50</onback>
                        <animation effect="fade" start="100" end="0" time="0" condition="Container(9502).IsUpdating">Conditional</animation>
                        <include content="View_Actor_Layout">
                            <param name="id" value="9502" />
                            <param name="infolabel" value="false" />
                        </include>
                        <content>plugin://script.extendedinfo?info=personmovies&amp;&amp;person=$INFO[ListItem.Director]</content>
                    </control>
                    <include content="Dialog_VideoInfo_BusyIndicator">
                        <param name="id" value="9502" />
                    </include>
                </control>

                <control type="grouplist">
                    <usecontrolcoords>true</usecontrolcoords>
                    <itemgap>10</itemgap>
                    <orientation>horizontal</orientation>
                    <align>right</align>
                    <right>60</right>
                    <top>664</top>
                    <left>info_left</left>
                    <height>32</height>

                    <control type="image">
                        <width>32</width>
                        <height>32</height>
                        <aspectratio>keep</aspectratio>
                        <texture fallback="lang/eng.png">$INFO[ListItem.Property(AudioLanguage.1),lang/,.png]</texture>
                        <visible>!String.IsEmpty(ListItem.Property(AudioLanguage.1))</visible>
                    </control>
                    <control type="image">
                        <width>32</width>
                        <height>32</height>
                        <aspectratio>keep</aspectratio>
                        <texture fallback="lang/eng.png">$INFO[ListItem.Property(AudioLanguage.2),lang/,.png]</texture>
                        <visible>!String.IsEmpty(ListItem.Property(AudioLanguage.2))</visible>
                    </control>
                    <control type="image">
                        <width>32</width>
                        <height>32</height>
                        <aspectratio>keep</aspectratio>
                        <texture fallback="lang/eng.png">$INFO[ListItem.Property(AudioLanguage.3),lang/,.png]</texture>
                        <visible>!String.IsEmpty(ListItem.Property(AudioLanguage.3))</visible>
                    </control>
                    <control type="image">
                        <width>32</width>
                        <height>32</height>
                        <aspectratio>keep</aspectratio>
                        <texture fallback="lang/eng.png">$INFO[ListItem.Property(AudioLanguage.4),lang/,.png]</texture>
                        <visible>!String.IsEmpty(ListItem.Property(AudioLanguage.4))</visible>
                    </control>
                    <control type="image">
                        <width>32</width>
                        <height>32</height>
                        <aspectratio>keep</aspectratio>
                        <texture fallback="lang/eng.png">$INFO[ListItem.Property(AudioLanguage.5),lang/,.png]</texture>
                        <visible>!String.IsEmpty(ListItem.Property(AudioLanguage.5))</visible>
                    </control>
                    <control type="image">
                        <width>32</width>
                        <height>32</height>
                        <aspectratio>keep</aspectratio>
                        <texture fallback="lang/eng.png">$INFO[ListItem.Property(SubtitleLanguage.1),lang/,.png]</texture>
                        <visible>!String.IsEmpty(ListItem.Property(SubtitleLanguage.1))</visible>
                        <animation effect="fade" end="50" condition="true">Conditional</animation>
                    </control>
                    <control type="image">
                        <width>32</width>
                        <height>32</height>
                        <aspectratio>keep</aspectratio>
                        <texture fallback="lang/eng.png">$INFO[ListItem.Property(SubtitleLanguage.2),lang/,.png]</texture>
                        <visible>!String.IsEmpty(ListItem.Property(SubtitleLanguage.2))</visible>
                        <animation effect="fade" end="50" condition="true">Conditional</animation>
                    </control>
                    <control type="image">
                        <width>32</width>
                        <height>32</height>
                        <aspectratio>keep</aspectratio>
                        <texture fallback="lang/eng.png">$INFO[ListItem.Property(SubtitleLanguage.3),lang/,.png]</texture>
                        <visible>!String.IsEmpty(ListItem.Property(SubtitleLanguage.3))</visible>
                        <animation effect="fade" end="50" condition="true">Conditional</animation>
                    </control>
                    <control type="image">
                        <width>32</width>
                        <height>32</height>
                        <aspectratio>keep</aspectratio>
                        <texture fallback="lang/eng.png">$INFO[ListItem.Property(SubtitleLanguage.4),lang/,.png]</texture>
                        <visible>!String.IsEmpty(ListItem.Property(SubtitleLanguage.4))</visible>
                        <animation effect="fade" end="50" condition="true">Conditional</animation>
                    </control>
                    <control type="image">
                        <width>32</width>
                        <height>32</height>
                        <aspectratio>keep</aspectratio>
                        <texture fallback="lang/eng.png">$INFO[ListItem.Property(SubtitleLanguage.5),lang/,.png]</texture>
                        <visible>!String.IsEmpty(ListItem.Property(SubtitleLanguage.5))</visible>
                        <animation effect="fade" end="50" condition="true">Conditional</animation>
                    </control>
                </control>

                <!-- Info -->
                <control type="grouplist">
                    <left>info_details_left</left>
                    <top>650</top>
                    <right>70</right>
                    <align>top</align>
                    <orientation>vertical</orientation>
                    <control type="group">
                        <height>42</height>
                        <visible>!String.IsEmpty(ListItem.Director)</visible>
                        <control type="label">
                            <font>font_small</font>
                            <textcolor>main_fg_30</textcolor>
                            <aligny>center</aligny>
                            <width>info_details_width</width>
                            <align>right</align>
                            <textoffsetx>20</textoffsetx>
                            <label>$LOCALIZE[20339]</label>
                        </control>
                        <control type="label">
                            <height>42</height>
                            <left>info_details_width</left>
                            <font>font_small</font>
                            <textcolor>main_fg_100</textcolor>
                            <aligny>center</aligny>
                            <width>auto</width>
                            <label>$INFO[ListItem.Director]</label>
                        </control>
                    </control>
                    <control type="group">
                        <height>42</height>
                        <visible>!String.IsEmpty(ListItem.Writer)</visible>
                        <control type="label">
                            <font>font_small</font>
                            <textcolor>main_fg_30</textcolor>
                            <aligny>center</aligny>
                            <width>info_details_width</width>
                            <align>right</align>
                            <textoffsetx>20</textoffsetx>
                            <height>100%</height>
                            <label>$LOCALIZE[20417]</label>
                        </control>
                        <control type="label">
                            <height>42</height>
                            <left>info_details_width</left>
                            <font>font_small</font>
                            <textcolor>main_fg_100</textcolor>
                            <aligny>center</aligny>
                            <width>auto</width>
                            <label>$INFO[ListItem.Writer]</label>
                        </control>
                    </control>
                    <control type="group">
                        <height>42</height>
                        <visible>!String.IsEmpty(ListItem.Genre)</visible>
                        <control type="label">
                            <font>font_small</font>
                            <textcolor>main_fg_30</textcolor>
                            <aligny>center</aligny>
                            <width>info_details_width</width>
                            <align>right</align>
                            <textoffsetx>20</textoffsetx>
                            <height>100%</height>
                            <label>$LOCALIZE[515]</label>
                        </control>
                        <control type="label">
                            <height>42</height>
                            <left>info_details_width</left>
                            <font>font_small</font>
                            <textcolor>main_fg_100</textcolor>
                            <aligny>center</aligny>
                            <width>auto</width>
                            <label>$INFO[ListItem.Genre]</label>
                        </control>
                    </control>
                    <control type="group">
                        <height>42</height>
                        <visible>!String.IsEmpty(ListItem.Studio)</visible>
                        <control type="label">
                            <font>font_small</font>
                            <textcolor>main_fg_30</textcolor>
                            <aligny>center</aligny>
                            <width>info_details_width</width>
                            <align>right</align>
                            <textoffsetx>20</textoffsetx>
                            <height>100%</height>
                            <label>$LOCALIZE[572]</label>
                        </control>
                        <control type="label">
                            <height>42</height>
                            <left>info_details_width</left>
                            <font>font_small</font>
                            <textcolor>main_fg_100</textcolor>
                            <aligny>center</aligny>
                            <width>auto</width>
                            <label>$INFO[ListItem.Studio]</label>
                        </control>
                    </control>
                    <control type="group">
                        <height>42</height>
                        <visible>Container.Content(tvshows) | Container.Content(seasons)</visible>
                        <visible>!String.IsEmpty(ListItem.Premiered)</visible>
                        <control type="label">
                            <font>font_small</font>
                            <textcolor>main_fg_30</textcolor>
                            <aligny>center</aligny>
                            <width>info_details_width</width>
                            <align>right</align>
                            <textoffsetx>20</textoffsetx>
                            <height>100%</height>
                            <label>$LOCALIZE[31299]</label>
                        </control>
                        <control type="label">
                            <height>42</height>
                            <left>info_details_width</left>
                            <font>font_small</font>
                            <textcolor>main_fg_100</textcolor>
                            <aligny>center</aligny>
                            <width>auto</width>
                            <label>$INFO[ListItem.Premiered]</label>
                        </control>
                    </control>
                    <control type="group">
                        <height>42</height>
                        <visible>Container.Content(tvshows) | Container.Content(seasons)</visible>
                        <control type="label">
                            <font>font_small</font>
                            <textcolor>main_fg_30</textcolor>
                            <aligny>center</aligny>
                            <width>info_details_width</width>
                            <align>right</align>
                            <textoffsetx>20</textoffsetx>
                            <height>100%</height>
                            <label>$VAR[Label_Info_NextAired_Status]</label>
                        </control>
                        <control type="label">
                            <height>42</height>
                            <left>info_details_width</left>
                            <font>font_small</font>
                            <textcolor>main_fg_100</textcolor>
                            <aligny>center</aligny>
                            <width>auto</width>
                            <label>$VAR[Label_Info_NextAired_Details]</label>
                        </control>
                    </control>
                    <control type="group">
                        <height>42</height>
                        <visible>Container.Content(tvshows) | Container.Content(seasons)</visible>
                        <visible>!String.IsEmpty(ListItem.Property(WatchedEpisodes))</visible>
                        <control type="label">
                            <font>font_small</font>
                            <textcolor>main_fg_30</textcolor>
                            <aligny>center</aligny>
                            <width>info_details_width</width>
                            <align>right</align>
                            <textoffsetx>20</textoffsetx>
                            <height>100%</height>
                            <label>$LOCALIZE[20360]</label>
                        </control>
                        <control type="label">
                            <height>42</height>
                            <left>info_details_width</left>
                            <font>font_small</font>
                            <textcolor>main_fg_100</textcolor>
                            <aligny>center</aligny>
                            <width>auto</width>
                            <label>$INFO[ListItem.Property(WatchedEpisodes),, $LOCALIZE[20163] ]$INFO[ListItem.Property(TotalEpisodes),, $LOCALIZE[16102]]</label>
                        </control>
                    </control>
                </control>

                <!-- Ratings -->
                <control type="group">
                    <bottom>0</bottom>
                    <height>64</height>
                    <right>60</right>
                    <visible>!Container.Content(episodes)</visible>
                    <include content="Object_Ratings">
                        <param name="directory" value="color" />
                    </include>
                </control>

                <!-- Flags -->
                <control type="group">
                    <left>info_left</left>
                    <height>100</height>
                    <bottom>0</bottom>
                    <control type="group">
                        <include content="Object_Flags">
                            <param name="container" value="" />
                            <param name="directory" value="color" />
                            <param name="align" value="left" />
                        </include>
                    </control>
                </control>

                <control type="grouplist">
                    <left>info_left</left>
                    <right>0</right>
                    <bottom>0</bottom>
                    <height>24</height>
                    <orientation>horizontal</orientation>
                    <itemgap>0</itemgap>
                    <visible>Skin.HasSetting(ShowPathInfo)</visible>
                    
                    <control type="label">
                        <align>left</align>
                        <width max="1060">auto</width>
                        <height>24</height>
                        <font>font_unwatched</font>
                        <textcolor>main_fg_70</textcolor>
                        <label>$INFO[ListItem.FileNameAndPath]</label>
                        <haspath>true</haspath>
                        <scroll>true</scroll>
                    </control>
                    <control type="label">
                        <align>left</align>
                        <width>auto</width>
                        <height>24</height>
                        <font>font_unwatched</font>
                        <textcolor>main_fg_70</textcolor>
                        <label>$INFO[ListItem.Size,   (,)]</label>
                        <scroll>false</scroll>
                        <visible>!String.IsEqual(ListItem.Size,0 B)</visible>
                    </control>
                    
                </control>

            </control>
            <control type="group">
                <visible>!Window.IsVisible(script-script.extendedinfo-DialogVideoInfo.xml) + !Window.IsVisible(script-script.extendedinfo-DialogInfo.xml)</visible>
                <control type="group">
                    <left>70</left>
                    <width>320</width>
                    <include>Animation_Home_Textbar_Slideover</include>
                    <include>Home_Textbar_Texture</include>
                    <include>Home_Textbar_Items</include>
                </control>
                <control type="group">
                    <left>0</left>
                    <width>74</width>
                    <include>Home_Iconbar_Texture</include>
                    <include>Home_Iconbar_Logo</include>
                    <control type="group">
                        <control type="list" id="300">
                            <onleft>9504</onleft>
                            <onright condition="Control.IsVisible(50) + Integer.IsGreater(Container(50).NumItems,0)">50</onright>
                            <onright condition="Control.IsVisible(9501) + Integer.IsGreater(Container(9501).NumItems,0)">9501</onright>
                            <onright condition="Control.IsVisible(9502) + Integer.IsGreater(Container(9502).NumItems,0)">9502</onright>
                            <onright condition="![Control.IsVisible(50) | Control.IsVisible(9501) | Control.IsVisible(9502)] | [Control.IsVisible(50) + !Integer.IsGreater(Container(50).NumItems,0)] | [Control.IsVisible(9501) + !Integer.IsGreater(Container(9501).NumItems,0)] | [Control.IsVisible(9502) + !Integer.IsGreater(Container(9502).NumItems,0)]">SetFocus(8)</onright>
                            <include>Home_OnFocus</include>
                            <include>Home_VideoInfo_Layout</include>
                            <include>Home_MainMenu_InfoItems</include>
                        </control>
                        <control type="group">
                            <top>view_top</top>
                            <height>74</height>
                            <control type="group">
                                <left>74</left>
                                <width>6</width>     
                                <visible>Control.HasFocus(8) | Control.HasFocus(9503)</visible>
                                <control type="image">
                                    <texture colordiffuse="$VAR[ColorHighlight]">common/white.png</texture>
                                </control>
                                <control type="group">
                                    <include>Home_Separator</include>
                                </control>
                                <control type="group">
                                    <top>74</top>
                                    <include>Home_Separator</include>
                                </control>
                            </control>
                            <control type="button" id="8">
                                <description>Play button</description>
                                <label>208</label>
                                <width>74</width>
                                <height>74</height>
                                <font/>
                                <onright condition="Integer.IsGreater(Container(50).NumItems,0)">SetFocus(50,0)</onright>
                                <onleft>SetFocus(300,0)</onleft>
                                <onup>SetFocus(300,0)</onup>
                                <ondown>SetFocus(300,0)</ondown>
                                <onfocus>ClearProperty(FocusedList,Home)</onfocus>
                                <visible allowhiddenfocus="true">Control.HasFocus(8)</visible>
                                <texturenofocus colordiffuse="00ffffff">special://skin/extras/icons/play3.png</texturenofocus>
                                <texturefocus colordiffuse="Selected">special://skin/extras/icons/play3.png</texturefocus>
                            </control>
                            <control type="button" id="9503">
                                <description>Trailer Play fake button</description>
                                <label>208</label>
                                <width>74</width>
                                <height>74</height>
                                <font/>
                                <onfocus>ClearProperty(MenuFocus,Home)</onfocus>
                                <onclick condition="!String.IsEmpty(Window(Home).Property(TrailerPlaying)) + Player.HasVideo">SetFocus(8)</onclick>
                                <onleft condition="!String.IsEmpty(Window(Home).Property(TrailerPlaying)) + Player.HasVideo">SetFocus(8)</onleft>
                                <onright condition="!String.IsEmpty(Window(Home).Property(TrailerPlaying)) + Player.HasVideo">SetFocus(8)</onright>
                                <onup condition="!String.IsEmpty(Window(Home).Property(TrailerPlaying)) + Player.HasVideo">SetFocus(8)</onup>
                                <ondown condition="!String.IsEmpty(Window(Home).Property(TrailerPlaying)) + Player.HasVideo">SetFocus(8)</ondown>
                                <onback condition="!String.IsEmpty(Window(Home).Property(TrailerPlaying)) + Player.HasVideo">SetFocus(8)</onback>
                                <oninfo condition="!String.IsEmpty(Window(Home).Property(TrailerPlaying)) + Player.HasVideo">SetFocus(8)</oninfo>

                                <onclick condition="String.IsEmpty(Window(Home).Property(TrailerPlaying)) | !Player.HasVideo">SetFocus(300,0)</onclick>
                                <onleft condition="String.IsEmpty(Window(Home).Property(TrailerPlaying)) | !Player.HasVideo">SetFocus(300,0)</onleft>
                                <onright condition="String.IsEmpty(Window(Home).Property(TrailerPlaying)) | !Player.HasVideo">SetFocus(50,0)</onright>
                                <onup condition="String.IsEmpty(Window(Home).Property(TrailerPlaying)) | !Player.HasVideo">SetFocus(300,0)</onup>
                                <ondown condition="String.IsEmpty(Window(Home).Property(TrailerPlaying)) | !Player.HasVideo">SetFocus(300,0)</ondown>
                                <onback condition="String.IsEmpty(Window(Home).Property(TrailerPlaying)) | !Player.HasVideo">SetFocus(300,0)</onback>
                                <oninfo condition="String.IsEmpty(Window(Home).Property(TrailerPlaying)) | !Player.HasVideo">SetFocus(300,0)</oninfo>

                                <onclick condition="!String.IsEmpty(Window(Home).Property(TrailerPlaying)) + Player.HasVideo">Stop</onclick>
                                <onleft condition="!String.IsEmpty(Window(Home).Property(TrailerPlaying)) + Player.HasVideo">Stop</onleft>
                                <onright condition="!String.IsEmpty(Window(Home).Property(TrailerPlaying)) + Player.HasVideo">Stop</onright>
                                <onup condition="!String.IsEmpty(Window(Home).Property(TrailerPlaying)) + Player.HasVideo">Stop</onup>
                                <ondown condition="!String.IsEmpty(Window(Home).Property(TrailerPlaying)) + Player.HasVideo">Stop</ondown>
                                <onback condition="!String.IsEmpty(Window(Home).Property(TrailerPlaying)) + Player.HasVideo">Stop</onback>
                                <oninfo condition="!String.IsEmpty(Window(Home).Property(TrailerPlaying)) + Player.HasVideo">Stop</oninfo>
                                <onclick condition="!String.IsEmpty(Window(Home).Property(TrailerPlaying))">ClearProperty(TrailerPlaying,Home)</onclick>
                                <onleft condition="!String.IsEmpty(Window(Home).Property(TrailerPlaying))">ClearProperty(TrailerPlaying,Home)</onleft>
                                <onright condition="!String.IsEmpty(Window(Home).Property(TrailerPlaying))">ClearProperty(TrailerPlaying,Home)</onright>
                                <onup condition="!String.IsEmpty(Window(Home).Property(TrailerPlaying))">ClearProperty(TrailerPlaying,Home)</onup>
                                <ondown condition="!String.IsEmpty(Window(Home).Property(TrailerPlaying))">ClearProperty(TrailerPlaying,Home)</ondown>
                                <onback condition="!String.IsEmpty(Window(Home).Property(TrailerPlaying))">ClearProperty(TrailerPlaying,Home)</onback>
                                <oninfo condition="!String.IsEmpty(Window(Home).Property(TrailerPlaying))">ClearProperty(TrailerPlaying,Home)</oninfo>
                                <onclick condition="!Player.HasVideo">SendClick(8)</onclick>
                                <visible allowhiddenfocus="true">Control.HasFocus(9503)</visible>
                                <texturenofocus colordiffuse="00ffffff">special://skin/extras/icons/play3.png</texturenofocus>
                                <texturefocus colordiffuse="Selected">special://skin/extras/icons/play3.png</texturefocus>
                            </control>
                        </control>
                        <control type="group">
                            <top>view_top</top>
                            <include>Home_Separator</include>
                        </control>
                    </control>
                </control>

                <include>Object_PlotOverlay</include>
            </control>
        </control>

        <control type="group">
            <visible>Control.HasFocus(9504)</visible>
            <include>Animation_FadeIn</include>
            <include>Animation_FadeOut</include>
            <control type="image">
                <texture colordiffuse="main_bg_100">common/white.png</texture>
                <aspectratio>scale</aspectratio>
            </control>
            <control type="multiimage">
                <timeperimage>10000</timeperimage>
                <randomize>true</randomize>
                <fadetime>600</fadetime>
                <imagepath background="true">$VAR[Global_Background_Image_Var]</imagepath>
                <aspectratio>scale</aspectratio>
            </control>
        </control>

        <control type="button" id="9504">
            <onleft>300</onleft>
            <onup>300</onup>
            <ondown>300</ondown>
            <onright>300</onright>
            <onclick>SetFocus(300)</onclick>
            <onback>300</onback>
            <include>Defs_Hidden_Button</include>
        </control>


        <control type="group">
            <visible>Player.HasVideo</visible>
            <visible>!String.IsEmpty(Window(Home).Property(TrailerPlaying))</visible>
            <include>Animation_FadeIn</include>
            <include>Animation_FadeOut</include>
            <control type="image">
                <texture colordiffuse="ff000000">common/white.png</texture>
            </control>
            <control type="videowindow">
                <width>100%</width>
                <height>100%</height>
            </control>
        </control>

        <control type="button" id="11">
            <description>Trailer button</description>
            <label>20410</label>
            <include>Defs_Hidden_Button</include>
            <visible>!String.IsEmpty(ListItem.Trailer)</visible>
        </control>

        <control type="button" id="9002">
            <label>20339</label>
            <onclick>SetProperty(VideoInfo_InfoLine,$INFO[ListItem.Director],Home)</onclick>
            <onclick>SetProperty(FocusedList,9502,Home)</onclick>
            <onclick>SetFocus(9502)</onclick>
            <visible>Container.Content(movies)</visible>
            <visible>!String.IsEmpty(ListItem.Director)</visible>
            <include>Defs_Hidden_Button</include>
        </control>

        <control type="button" id="9003">
            <label>$LOCALIZE[206]</label>
            <onclick>SetProperty(FocusedList,50,Home)</onclick>
            <onclick>SetFocus(50)</onclick>
            <include>Defs_Hidden_Button</include>
        </control>

        <control type="button" id="9004">
            <label>$LOCALIZE[31221]</label>
            <onclick>SetProperty(FocusedList,9501,Home)</onclick>
            <onclick>SetFocus(9501)</onclick>
            <include>Defs_Hidden_Button</include>
        </control>

        <control type="button" id="9005">
            <label>$LOCALIZE[29915]</label>
            <include>Defs_Hidden_Button</include>
            <onclick condition="String.IsEqual(ListItem.DbType,movie)">RunScript(script.extendedinfo,info=extendedinfo,name=$INFO[ListItem.Title],imdb_id=$INFO[ListItem.IMDBNumber])</onclick>
            <onclick condition="String.IsEqual(ListItem.DbType,tvshow) | String.IsEqual(ListItem.DbType,episode)">RunScript(script.extendedinfo,info=extendedtvinfo,name=$INFO[ListItem.TvShowTitle])</onclick>
            <visible>System.hasAddon(script.extendedinfo) + [String.IsEqual(ListItem.DbType,movie) | String.IsEqual(ListItem.DbType,tvshow) | String.IsEqual(ListItem.DbType,episode)]</visible>
        </control>

        <control type="button" id ="10">
            <description>Artwork (Get Thumb)</description>
            <label>$LOCALIZE[13405]</label>
            <include>Defs_Hidden_Button</include>
        </control>

        <control type="button" id="9001">
            <label>$LOCALIZE[31203]</label>
            <onclick condition="Container.Content(tvshows) + !Skin.HasSetting(ArtworkDownloaderAll)">XBMC.RunScript(script.artwork.downloader, mode=gui, mediatype=tvshow, dbid=$INFO[ListItem.DBID])</onclick>
            <onclick condition="Container.Content(movies) + !Skin.HasSetting(ArtworkDownloaderAll)">XBMC.RunScript(script.artwork.downloader, mode=gui, mediatype=movie, dbid=$INFO[ListItem.DBID])</onclick>
            <onclick condition="Container.Content(musicvideos) + !Skin.HasSetting(ArtworkDownloaderAll)">XBMC.RunScript(script.artwork.downloader, mode=gui, mediatype=musicvideo, dbid=$INFO[ListItem.DBID])</onclick>
            <onclick condition="Container.Content(tvshows) + Skin.HasSetting(ArtworkDownloaderAll)">XBMC.RunScript(script.artwork.downloader, mediatype=tvshow, dbid=$INFO[ListItem.DBID])</onclick>
            <onclick condition="Container.Content(movies) + Skin.HasSetting(ArtworkDownloaderAll)">XBMC.RunScript(script.artwork.downloader, mediatype=movie, dbid=$INFO[ListItem.DBID])</onclick>
            <onclick condition="Container.Content(musicvideos) + Skin.HasSetting(ArtworkDownloaderAll)">XBMC.RunScript(script.artwork.downloader, mediatype=musicvideo, dbid=$INFO[ListItem.DBID])</onclick>
            <description>Get Artwork</description>
            <include>Defs_Hidden_Button</include>
            <visible>[Container.Content(tvshows) | Container.Content(movies) | Container.Content(musicvideos)] + system.hasaddon(script.artwork.downloader)</visible>
        </control>

        <control type="button" id ="6">
            <description>Refresh</description>
            <label>184</label>
            <include>Defs_Hidden_Button</include>
        </control>

        <control type="button" id ="7">
            <description>Userrating</description>
            <include>Defs_Hidden_Button</include>
        </control>

        
    </controls>

</window>
