<?xml version="1.0" encoding="UTF-8"?>
<!-- Foundation -->
<window id="2001">
    <defaultcontrol always="true">8</defaultcontrol>
    <controls>
        <include>View_Info_Poster</include>
        <control type="group">
            <height>topbar_height</height>
            <include>Topbar_TextDetails</include>
        </control>
        
        <control type="group">
            <visible>!Window.IsVisible(script-script.extendedinfo-DialogVideoInfo.xml) + !Window.IsVisible(script-script.extendedinfo-DialogInfo.xml)</visible>
    
            <control type="group">
                <include>Animation_Right_Delay</include>
                <top>view_top</top>
                <include>Animation_Home_Textbar_Slideover_Library</include>
                <!-- Info and Albums -->
                <control type="grouplist">
                    <left>info_left</left>
                    <top>20</top>
                    <right>70</right>
                    <bottom>30</bottom>
                    <orientation>vertical</orientation>
                    <usecontrolcoords>true</usecontrolcoords>
                    <itemgap>0</itemgap>
                    <control type="grouplist">
                        <top>20</top>
                        <height>42</height>
                        <left>0</left>
                        <align>left</align>
                        <itemgap>12</itemgap>
                        <usecontrolcoords>true</usecontrolcoords>
                        <orientation>horizontal</orientation>
                        <include>Object_DownArrows</include>
                        <control type="label">
                            <font>font_small</font>
                            <textcolor>main_fg_100</textcolor>
                            <aligny>center</aligny>
                            <width>auto</width>
                            <height>100%</height>
                            <label>$LOCALIZE[21821]</label>
                        </control>
                    </control>
                    <control type="textbox">
                        <top>32</top>
                        <height>auto</height>
                        <textcolor>main_fg_70</textcolor>
                        <font>font_textviewer</font>
                        <label fallback="19055">$VAR[Label_Plot]</label>
                    </control>
                </control>
            </control>

            
            <control type="group">
                <left>70</left>
                <width>320</width>
                <include>Animation_Home_Textbar_Slideover</include>
                <include>Home_Textbar_Texture</include>
                <include>Home_Textbar_Items</include>
            </control>
            <control type="group">
                <left>0</left>
                <width>74</width>
                <include>Home_Iconbar_Texture</include>
                <include>Home_Iconbar_Logo</include>
                <control type="group">
                    <control type="list" id="300">
                        <onright>8</onright>
                        <onleft>9504</onleft>
                        <include>Home_OnFocus</include>
                        <include>Home_VideoInfo_Layout</include>
                        <include>Home_MainMenu_InfoItems</include>
                    </control>
                    <control type="group" id="9000">
                        <top>view_top</top>
                        <height>74</height>
                        <control type="group">
                            <left>74</left>
                            <width>6</width>     
                            <visible>Control.HasFocus(8)</visible>
                            <control type="image">
                                <texture colordiffuse="$VAR[ColorHighlight]">common/white.png</texture>
                            </control>
                            <control type="group">
                                <include>Home_Separator</include>
                            </control>
                            <control type="group">
                                <top>74</top>
                                <include>Home_Separator</include>
                            </control>
                        </control>
                        <control type="button" id="8">
                            <description>Play button</description>
                            <label>208</label>
                            <width>74</width>
                            <height>74</height>
                            <font/>
                            <onright>9601</onright>
                            <onleft>SetFocus(300,0)</onleft>
                            <onup>SetFocus(300,0)</onup>
                            <ondown>SetFocus(300,0)</ondown>
                            <onclick condition="System.HasAddon(script.playalbum) + String.IsEqual(ListItem.DBType,album)">RunScript(script.playalbum,albumid=$INFO[ListItem.DBID])</onclick>
                            <onclick condition="System.HasAddon(script.playalbum) + String.IsEqual(ListItem.DBType,song)">RunScript(script.playalbum,songid=$INFO[ListItem.DBID])</onclick>
                            <onclick condition="System.HasAddon(script.playalbum)">Action(close)</onclick>
                            <onclick condition="!System.HasAddon(script.playalbum)">InstallAddon(script.playalbum)</onclick>
                            <visible allowhiddenfocus="true">Control.HasFocus(8)</visible>
                            <texturenofocus colordiffuse="00ffffff">special://skin/extras/icons/play3.png</texturenofocus>
                            <texturefocus colordiffuse="Selected">special://skin/extras/icons/play3.png</texturefocus>
                        </control>
                    </control>
                    <control type="group">
                        <top>view_top</top>
                        <include>Home_Separator</include>
                    </control>
                </control>
            </control>

            <include>Object_PlotOverlay</include>
        </control>

        <control type="group">
            <visible>Control.HasFocus(9504)</visible>
            <include>Animation_FadeIn</include>
            <include>Animation_FadeOut</include>
            <control type="image">
                <texture background="true">$VAR[Global_Background_Image_Var]</texture>
                <aspectratio>scale</aspectratio>
            </control>
        </control>

        <control type="button" id="9504">
            <onleft>300</onleft>
            <onup>300</onup>
            <ondown>300</ondown>
            <onright>300</onright>
            <onclick>SetFocus(300)</onclick>
            <onback>300</onback>
            <include>Defs_Hidden_Button</include>
        </control>

        <!-- Hidden Buttons -->
        <control type="button" id ="9003">
            <description>Youtube</description>
            <label>31141</label>
            <onclick>Close</onclick>
            <onclick>ActivateWindow(videos,plugin://plugin.video.youtube/search/?q=$INFO[ListItem.Artist],return)</onclick>
            <onclick>SetFocus(50)</onclick>
            <include>Defs_Hidden_Button</include>
        </control>

        <control type="button" id ="6">
            <description>Refresh</description>
            <label>184</label>
            <include>Defs_Hidden_Button</include>
        </control>

        <control type="button" id ="7">
            <description>Rating</description>
            <label>$LOCALIZE[563]</label>
            <include>Defs_Hidden_Button</include>
        </control>

        <control type="button" id ="10">
            <description>Get Thumb</description>
            <label>13405</label>
            <include>Defs_Hidden_Button</include>
        </control>

        <control type="button" id ="12">
            <description>Get Fanart</description>
            <label>20413</label>
            <visible>Container.Content(artists)</visible>
            <include>Defs_Hidden_Button</include>
        </control>

    </controls>

</window>
