<?xml version="1.0" encoding="UTF-8"?>
<includes>
    <include name="Animation_MusicVis_Left">
        <animation type="WindowOpen" reversible="false" condition="Window.Previous(MusicVisualisation.xml) | Window.Previous(VideoFullScreen.xml)">
            <effect type="fade" start="0" end="100" time="150" tween="sine" easing="out"/>
            <effect type="slide" start="-320" end="0" time="100" tween="cubic" easing="out" />
        </animation>
        <animation type="WindowClose" reversible="false" condition="Window.Next(MusicVisualisation.xml) | Window.Next(VideoFullScreen.xml)">
            <effect type="fade" start="100" end="0" time="150" tween="sine" easing="out" />
            <effect type="slide" start="0" end="-320" time="150" tween="cubic" easing="out" />
        </animation>
    </include>

    <include name="Animation_FocusBounce">
        <animation type="Focus" condition="!Skin.HasSetting(BounceAnimations)" reversible="false">
            <effect type="zoom" end="110" time="75" tween="sine" easing="out" center="auto" />
            <effect type="zoom" end="90.9090909" time="125" tween="sine" delay="100" easing="out" center="auto" />
        </animation>
    </include>

    <include name="Animation_FocusBounce_Small">
        <animation type="Focus" condition="!Skin.HasSetting(BounceAnimations)" reversible="false">
            <effect type="zoom" end="105" time="75" tween="sine" easing="out" center="auto" />
            <effect type="zoom" end="95.2380952" time="125" tween="sine" delay="100" easing="out" center="auto" />
        </animation>
    </include>

    <include name="Animation_FocusBounce_Large">
        <animation type="Focus" condition="!Skin.HasSetting(BounceAnimations)" reversible="false">
            <effect type="zoom" end="115" time="75" tween="sine" easing="out" center="auto" />
            <effect type="zoom" end="86.9565217" time="125" tween="sine" delay="100" easing="out" center="auto" />
        </animation>
    </include>

    <include name="Animation_FocusBounce_Home">
        <animation type="Focus" condition="!Skin.HasSetting(BounceAnimations)" reversible="false">
            <effect type="zoom" end="115" time="75" tween="sine" easing="out" center="auto" />
            <effect type="zoom" end="86.9565217" time="125" tween="sine" delay="100" easing="out" center="auto" />
        </animation>
    </include>


    <include name="Animation_OSD_Notification">
        <animation effect="slide" end="0,120" time="100" condition="[Window.IsActive(VideoOSD) | Window.IsActive(MusicOSD)] + ![Window.IsVisible(script-script.extendedinfo-DialogVideoInfo.xml) | Window.IsVisible(script-script.extendedinfo-DialogInfo.xml) | Window.IsVisible(DialogVideoInfo.xml)]">Conditional</animation>
    </include>


    <include name="Animation_Home_Topbar_Slideover_NoInfo">
        <animation effect="slide" end="360" condition="true">Conditional</animation>
        <animation effect="slide" start="0" end="-304" time="150" tween="sine" easing="inout" condition="[!Control.HasFocus(300) + !Control.HasFocus(302)] + !Skin.HasSetting(SlideOverContent)">Conditional</animation>
        <animation effect="slide" start="0" end="-304" time="150" tween="sine" easing="inout" condition="[[!Control.HasFocus(300) + !Control.HasFocus(302)] | Window.IsVisible(MyPVRChannels.xml) | Window.IsVisible(MyPVRGuide.xml) | Window.IsVisible(MyPVRRecordings.xml) | Window.IsVisible(MyPVRTimers.xml) | Window.IsVisible(MyPVRSearch.xml) | Window.IsVisible(MyPlaylist.xml) | Window.IsVisible(AddonBrowser.xml) | Window.IsVisible(MyPrograms.xml) | Window.IsVisible(MyPics.xml) | Window.IsVisible(MyMusicNav.xml) | Window.IsVisible(MyVideoNav.xml) | Window.IsVisible(MyWeather.xml) | Window.IsVisible(script-script.extendedinfo-DialogVideoInfo.xml) | Window.IsVisible(script-script.extendedinfo-DialogInfo.xml) | Window.IsVisible(DialogVideoInfo.xml) | Window.IsVisible(DialogMusicInfo.xml) | Window.IsVisible(DialogAddonInfo.xml)] + Skin.HasSetting(SlideOverContent)">Conditional</animation>
        <animation effect="slide" start="0" end="-304" time="150" tween="sine" easing="inout" condition="[Control.HasFocus(300) | Control.HasFocus(302)] + !Window.Next(Home)">WindowClose</animation>
    </include>
    <include name="Animation_Home_Textbar_Slideover">
        <animation effect="slide" start="0" end="-304" time="150" tween="sine" easing="inout" condition="!Control.HasFocus(300) + !Control.HasFocus(302)">Conditional</animation>
        <animation effect="slide" start="0" end="-304" time="150" tween="sine" easing="inout" condition="[Control.HasFocus(300) | Control.HasFocus(302)] + !Window.Next(Home)">WindowClose</animation>
    </include>
    <include name="Animation_Home_Textbar_Slideover_Widgets">
        <animation effect="slide" start="0" end="-304" time="150" tween="sine" easing="inout" condition="!Control.HasFocus(300) + !Control.HasFocus(302) + !Control.HasFocus(4000)">Conditional</animation>
    </include>

    <include name="Animation_Home_Textbar_Slideover_Library">
        <animation effect="slide" start="0" end="304" time="150" tween="sine" easing="inout" condition="[Control.HasFocus(300) | Control.HasFocus(302)] + !Skin.HasSetting(SlideOverContent)">Conditional</animation>
    </include>

    <include name="Animation_Left">
        <animation type="Visible" reversible="false">
            <effect type="fade" start="0" end="100" time="150" tween="sine" easing="out"/>
            <effect type="slide" start="-320" end="0" time="100" tween="cubic" easing="out" />
        </animation>
        <animation type="Hidden" reversible="false">
            <effect type="fade" start="100" end="0" time="150" tween="sine" easing="out" />
            <effect type="slide" start="0" end="-320" time="150" tween="cubic" easing="out" />
        </animation>
        <animation type="WindowOpen" reversible="false">
            <effect type="fade" start="0" end="100" time="150" tween="sine" easing="out"/>
            <effect type="slide" start="-320" end="0" time="100" tween="cubic" easing="out" />
        </animation>
        <animation type="WindowClose" reversible="false">
            <effect type="fade" start="100" end="0" time="150" tween="sine" easing="out" />
            <effect type="slide" start="0" end="-320" time="150" tween="cubic" easing="out" />
        </animation>
    </include>

    <include name="Animation_Right">
        <animation type="Visible" reversible="false">
            <effect type="fade" start="0" end="100" time="150" tween="sine" easing="out"/>
            <effect type="slide" start="320" end="0" time="100" tween="cubic" easing="out" />
        </animation>
        <animation type="Hidden" reversible="false">
            <effect type="fade" start="100" end="0" time="150" tween="sine" easing="out" />
            <effect type="slide" start="0" end="320" time="150" tween="cubic" easing="out" />
        </animation>
        <animation type="WindowOpen" reversible="false">
            <effect type="fade" start="0" end="100" time="150" tween="sine" easing="out"/>
            <effect type="slide" start="320" end="0" time="100" tween="cubic" easing="out" />
        </animation>
        <animation type="WindowClose" reversible="false">
            <effect type="fade" start="100" end="0" time="150" tween="sine" easing="out" />
            <effect type="slide" start="0" end="320" time="150" tween="cubic" easing="out" />
        </animation>
    </include>

    <include name="Animation_Right_Settings">
        <animation type="Visible" reversible="false">
            <effect type="fade" start="0" end="100" time="150" tween="sine" easing="out"/>
            <effect type="slide" start="320" end="0" time="100" tween="cubic" easing="out" />
        </animation>
        <animation type="Hidden" reversible="false">
            <effect type="fade" start="100" end="0" time="150" tween="sine" easing="out" />
            <effect type="slide" start="0" end="320" time="150" tween="cubic" easing="out" />
        </animation>
        <animation type="WindowOpen" reversible="false" condition="!Window.Previous(SettingsCategory.xml) + !Window.Previous(SkinSettings.xml) + !Window.Previous(SettingsProfile.xml) + !Window.Previous(SettingsSystemInfo.xml) + !Window.Previous(Home) + !Window.Previous(Settings.xml)">
            <effect type="fade" start="0" end="100" time="150" tween="sine" easing="out"/>
            <effect type="slide" start="320" end="0" time="100" tween="cubic" easing="out" />
        </animation>
        <animation type="WindowClose" reversible="false" condition="!Window.Next(SettingsCategory.xml) + !Window.Next(SkinSettings.xml) + !Window.Next(SettingsProfile.xml) + !Window.Next(SettingsSystemInfo.xml) + !Window.Next(Home) + !Window.Next(Settings.xml)">
            <effect type="fade" start="100" end="0" time="100" tween="sine" easing="out" />
            <effect type="slide" start="0" end="320" time="150" tween="cubic" easing="out" />
        </animation>
        <animation type="WindowOpen" reversible="false" condition="Window.Previous(Home) | Window.Previous(Settings.xml)">
            <effect type="fade" start="0" end="100" time="150" tween="sine" easing="out"/>
        </animation>
        <animation type="WindowClose" reversible="false" condition="Window.Next(Home) | Window.Next(Settings.xml)">
            <effect type="fade" start="100" end="0" time="100" tween="sine" easing="out" />
        </animation>
    </include>

    <include name="Animation_Left_Delay">
        <animation type="Visible" reversible="false">
            <effect type="fade" start="0" end="100" time="150" delay="200" tween="sine" easing="out"/>
            <effect type="slide" start="-320" end="0" time="100" delay="200" tween="cubic" easing="out" />
        </animation>
        <animation type="Hidden" reversible="false">
            <effect type="fade" start="100" end="0" time="150" tween="sine" easing="out" />
            <effect type="slide" start="0" end="-320" time="150" tween="cubic" easing="out" />
        </animation>
        <animation type="WindowOpen" reversible="false">
            <effect type="fade" start="0" end="100" time="150" delay="200" tween="sine" easing="out"/>
            <effect type="slide" start="-320" end="0" time="100" delay="200" tween="cubic" easing="out" />
        </animation>
        <animation type="WindowClose" reversible="false">
            <effect type="fade" start="100" end="0" time="150" tween="sine" easing="out" />
            <effect type="slide" start="0" end="-320" time="150" tween="cubic" easing="out" />
        </animation>
    </include>

    <include name="Animation_Right_Delay">
        <animation type="Visible" reversible="false">
            <effect type="fade" start="0" end="100" time="150" delay="200" tween="sine" easing="out"/>
            <effect type="slide" start="320" end="0" time="100" delay="200" tween="cubic" easing="out" />
        </animation>
        <animation type="Hidden" reversible="false">
            <effect type="fade" start="100" end="0" time="150" tween="sine" easing="out" />
            <effect type="slide" start="0" end="320" time="150" tween="cubic" easing="out" />
        </animation>
        <animation type="WindowOpen" reversible="false">
            <effect type="fade" start="0" end="100" time="150" delay="200" tween="sine" easing="out"/>
            <effect type="slide" start="320" end="0" time="100" delay="200" tween="cubic" easing="out" />
        </animation>
        <animation type="WindowClose" reversible="false">
            <effect type="fade" start="100" end="0" time="150" tween="sine" easing="out" />
            <effect type="slide" start="0" end="320" time="150" tween="cubic" easing="out" />
        </animation>
    </include>

    <include name="Animation_FadeInOut">
        <animation effect="fade" start="0" end="100" time="250" tween="cubic" easing="inout">Visible</animation>
        <animation effect="fade" start="100" end="0" time="250" tween="cubic" easing="inout">Hidden</animation>
    </include>

    <include name="Animation_FadeIn">
        <animation effect="fade" start="0" end="100" time="250" tween="cubic" easing="inout">Visible</animation>
        <animation effect="fade" start="0" end="100" time="250" tween="cubic" easing="inout">WindowOpen</animation>
    </include>
    <include name="Animation_FadeIn_Delay">
        <animation effect="fade" start="0" end="100" time="250" delay="250" tween="cubic" easing="inout">Visible</animation>
        <animation effect="fade" start="0" end="100" time="250" delay="250" tween="cubic" easing="inout">WindowOpen</animation>
    </include>
    <include name="Animation_ZoomIn">
        <animation type="WindowOpen" reversible="false">
            <effect type="fade" start="0" end="100" time="150" tween="sine" easing="in" />
            <effect type="zoom" start="80" end="100" time="150" center="auto" tween="quadratic" easing="out" />
        </animation>
        <animation type="Visible" reversible="false">
            <effect type="fade" start="0" end="100" time="150" tween="sine" easing="in" />
            <effect type="zoom" start="80" end="100" time="150" center="auto" tween="quadratic" easing="out" />
        </animation>
    </include>

    <include name="Animation_FadeIn_Slide_Visible">
        <animation type="Visible" reversible="false">
            <effect type="fade" start="0" end="100" time="150" delay="150"/>
            <effect type="slide" start="0,-48" end="0" center="auto" tween="back" easing="out" time="450" delay="150"/>
        </animation>
    </include>

    <include name="Animation_FadeIn_Slide">
        <animation type="Visible" reversible="false">
            <effect type="fade" start="0" end="100" time="150" delay="150"/>
            <effect type="slide" start="0,-48" end="0" center="auto" tween="back" easing="out" time="450" delay="150"/>
        </animation>
        <animation type="WindowOpen" reversible="false">
            <effect type="fade" start="0" end="100" time="150" delay="150"/>
            <effect type="slide" start="0,-48" end="0" center="auto" tween="back" easing="out" time="450" delay="150"/>
        </animation>
    </include>
    <include name="Animation_FadeIn_SlideUp">
        <animation type="Visible" reversible="false">
            <effect type="fade" start="0" end="100" time="150" delay="150"/>
            <effect type="slide" start="0,48" end="0" center="auto" tween="back" easing="out" time="450" delay="150"/>
        </animation>
        <animation type="WindowOpen" reversible="false">
            <effect type="fade" start="0" end="100" time="150" delay="150"/>
            <effect type="slide" start="0,48" end="0" center="auto" tween="back" easing="out" time="450" delay="150"/>
        </animation>
    </include>

    <include name="Animation_FadeOut">
        <animation effect="fade" end="0" start="100" time="150">Hidden</animation>
        <animation effect="fade" end="0" start="100" time="150">WindowClose</animation>
    </include>

    <include name="Animation_FadeOut_Delay">
        <animation effect="fade" end="0" start="100" time="1" delay="150">Hidden</animation>
    </include>

</includes>
