<?xml version="1.0" encoding="UTF-8"?>
<window>
    <defaultcontrol>102</defaultcontrol>
    <controls>
        <control type="image">
            <texture background="true">$INFO[Window.Property(background)]</texture>
        </control>
        <control type="image">
            <texture colordiffuse="FanartDim">common/white.png</texture>
        </control>
        <control type="image">
            <texture>common/gradient-solid.png</texture>
            <animation effect="fade" start="100" end="50" condition="true">Conditional</animation>
        </control>

        <control type="group" id="50">
            <include>View_Group</include>
            
            <control type="group" id="100">
                <include>Animation_Right</include>
                <!-- Right Item -->
                <control type="group">
                    <right>1225</right>
                    <control type="group">
                        <width>609</width>
                        <height>poster_height</height>

                        <control type="image">
                            <texture colordiffuse="AAffffff">common/gradient-solid.png</texture>
                        </control>
                        <control type="group">
                            <right>40</right>
                            <right>40</right>
                            <top>40</top>
                            <bottom>40</bottom>
                            <control type="group">
                                <height>303</height>
                                <control type="image">
                                    <include>Defs_Shadow_Opaque</include>
                                    <texture colordiffuse="PosterBack">common/white.png</texture>
                                </control>
                                <control type="button" id="102">
                                    <right>-10</right>
                                    <top>-10</top>
                                    <right>-10</right>
                                    <bottom>-10</bottom>
                                    <onright>noop</onright>
                                    <onright>101</onright>
                                    <texturefocus colordiffuse="$VAR[ColorHighlight]">common/white.png</texturefocus>
                                </control>
                                <control type="image">
                                    <fadetime>100</fadetime>
                                    <aspectratio>scale</aspectratio>
                                    <texture background="true">$INFO[Window.Property(next.thumb)]</texture>
                                </control>
                                <control type="image">
                                    <width>80</width>
                                    <height>80</height>
                                    <centertop>50%</centertop>
                                    <centerright>50%</centerright>
                                    <texture colordiffuse="77ffffff">common/circle.png</texture>
                                </control>
                                <control type="image">
                                    <width>128</width>
                                    <height>128</height>
                                    <centertop>50%</centertop>
                                    <centerright>50%</centerright>
                                    <texture colordiffuse="77000000">special://skin/extras/icons/play3.png</texture>
                                </control>
                                
                                <control type="image">
                                    <bottom>0</bottom>
                                    <height>50</height>
                                    <texture colordiffuse="main_bg_70">common/white.png</texture>
                                </control>
                                <control type="label">
                                    <right>20</right>
                                    <right>20</right>
                                    <bottom>0</bottom>
                                    <height>50</height>
                                    <textcolor>main_fg_100</textcolor>
                                    <font>font_tiny</font>
                                    <align>center</align>
                                    <label>$LOCALIZE[31218]$INFO[Window.Property(countdown),  (,)]</label>
                                </control>
                            </control>
                            <control type="group">
                                <top>342</top>
                                <control type="image">
                                    <height>1</height>
                                    <top>0</top>
                                    <texture colordiffuse="highlight_bottombar">common/white.png</texture>
                                </control>
                                <control type="image">
                                    <height>1</height>
                                    <top>-1</top>
                                    <texture colordiffuse="darkline_separator">common/white.png</texture>
                                </control>
                                <control type="grouplist">
                                    <top>30</top>
                                    <align>top</align>
                                    <usecontrolcoords>true</usecontrolcoords>
                                    <orientation>vertical</orientation>
                                    <control type="label">
                                        <aligny>top</aligny>
                                        <align>center</align>
                                        <height>55</height>
                                        <font>font_topbar</font>
                                        <textcolor>main_fg_100</textcolor>
                                        <label>$INFO[Window.Property(next.title)]</label>
                                    </control>
                                    <control type="grouplist">
                                        <height>40</height>
                                        <align>center</align>
                                        <itemgap>0</itemgap>
                                        <orientation>horizontal</orientation>
                                        <control type="label">
                                            <label>$INFO[Window.Property(next.year)]</label>
                                            <width>auto</width>
                                            <aligny>top</aligny>
                                            <height>40</height>
                                            <textcolor>main_fg_100</textcolor>
                                            <font>font_small</font>
                                        </control>
                                        <control type="label">
                                            <label>  |  </label>
                                            <width>auto</width>
                                            <aligny>top</aligny>
                                            <height>40</height>
                                            <textcolor>$VAR[ColorHighlight]</textcolor>
                                            <font>font_small</font>
                                        </control>
                                        <control type="label">
                                            <label>$INFO[Window.Property(next.season),S,]$INFO[Window.Property(next.episode),E,]</label>
                                            <width>auto</width>
                                            <aligny>top</aligny>
                                            <height>40</height>
                                            <textcolor>main_fg_100</textcolor>
                                            <font>font_small</font>
                                        </control>
                                        <control type="label">
                                            <label>  |  </label>
                                            <width>auto</width>
                                            <aligny>top</aligny>
                                            <height>40</height>
                                            <textcolor>$VAR[ColorHighlight]</textcolor>
                                            <font>font_small</font>
                                        </control>
                                        
                                        <control type="label">
                                            <label>$INFO[Window.Property(next.duration),, $LOCALIZE[31020]]</label>
                                            <width>auto</width>
                                            <aligny>top</aligny>
                                            <height>40</height>
                                            <textcolor>main_fg_100</textcolor>
                                            <font>font_small</font>
                                        </control>
                                    </control>
                                    <control type="group">
                                        <height>64</height>
                                        <top>-10</top>
                                        <include content="Object_StarRating">
                                            <param name="align" value="center" />
                                            <param name="rating_prop" value="Window.Property(next.rating)" />
                                        </include>
                                    </control>
                                    <control type="textbox">
                                        <top>30</top>
                                        <label>$INFO[Window.Property(next.plot)]</label>
                                        <height>270</height>
                                        <aligny>top</aligny>
                                        <align>center</align>
                                        <textcolor>main_fg_70</textcolor>
                                        <font>font_plotbox</font>
                                        <visible>!String.IsEmpty(Window.Property(showplot))</visible>
                                    </control>
                                    <control type="textbox">
                                        <top>30</top>
                                        <label>$LOCALIZE[20370]</label>
                                        <height>270</height>
                                        <aligny>top</aligny>
                                        <align>center</align>
                                        <textcolor>main_fg_70</textcolor>
                                        <font>font_plotbox</font>
                                        <visible>String.IsEmpty(Window.Property(showplot))</visible>
                                    </control>
                                </control>
                            </control>
                        </control>
                        <include>Object_Separator_Right</include>
                    </control>
                </control>

                <!-- right Item -->
                <control type="group">
                    <right>view_right</right>
                    <control type="group">
                        <width>609</width>
                        <height>poster_height</height>
                        <control type="image">
                            <texture colordiffuse="AAffffff">common/gradient-solid.png</texture>
                        </control>
                        <control type="group">
                            <right>40</right>
                            <right>40</right>
                            <top>40</top>
                            <bottom>40</bottom>
                            <control type="group">
                                <height>303</height>
                                <control type="image">
                                    <include>Defs_Shadow_Opaque</include>
                                    <texture colordiffuse="PosterBack">common/white.png</texture>
                                </control>
                                <control type="button" id="101">
                                    <right>-10</right>
                                    <top>-10</top>
                                    <right>-10</right>
                                    <bottom>-10</bottom>
                                    <onright>102</onright>
                                    <onright>202</onright>
                                    <texturefocus colordiffuse="$VAR[ColorHighlight]">common/white.png</texturefocus>
                                </control>
                                <control type="image">
                                    <fadetime>100</fadetime>
                                    <aspectratio>scale</aspectratio>
                                    <texture background="true">$INFO[Window.Property(previous.thumb)]</texture>
                                </control>
                                <control type="image">
                                    <width>80</width>
                                    <height>80</height>
                                    <centertop>50%</centertop>
                                    <centerright>50%</centerright>
                                    <texture colordiffuse="77000000">common/circle.png</texture>
                                </control>
                                <control type="image">
                                    <width>128</width>
                                    <height>128</height>
                                    <centertop>50%</centertop>
                                    <centerright>50%</centerright>
                                    <texture colordiffuse="77ffffff">special://skin/extras/icons/update.png</texture>
                                </control>
                                <control type="image">
                                    <bottom>0</bottom>
                                    <height>50</height>
                                    <texture colordiffuse="main_bg_70">common/white.png</texture>
                                </control>
                                <control type="label">
                                    <right>20</right>
                                    <right>20</right>
                                    <bottom>0</bottom>
                                    <height>50</height>
                                    <textcolor>main_fg_100</textcolor>
                                    <font>font_tiny</font>
                                    <align>center</align>
                                    <label>$LOCALIZE[31219]</label>
                                </control>
                            </control>
                            <control type="group">
                                <top>342</top>
                                <control type="image">
                                    <height>1</height>
                                    <top>0</top>
                                    <texture colordiffuse="highlight_bottombar">common/white.png</texture>
                                </control>
                                <control type="image">
                                    <height>1</height>
                                    <top>-1</top>
                                    <texture colordiffuse="darkline_separator">common/white.png</texture>
                                </control>
                                <control type="grouplist">
                                    <top>30</top>
                                    <align>top</align>
                                    <usecontrolcoords>true</usecontrolcoords>
                                    <orientation>vertical</orientation>
                                    <control type="label">
                                        <aligny>top</aligny>
                                        <align>center</align>
                                        <height>55</height>
                                        <font>font_topbar</font>
                                        <textcolor>main_fg_100</textcolor>
                                        <label>$INFO[Window.Property(previous.title)]</label>
                                    </control>
                                    <control type="grouplist">
                                        <height>40</height>
                                        <align>center</align>
                                        <itemgap>0</itemgap>
                                        <orientation>horizontal</orientation>
                                        <control type="label">
                                            <label>$INFO[Window.Property(previous.year)]</label>
                                            <width>auto</width>
                                            <aligny>top</aligny>
                                            <height>40</height>
                                            <textcolor>main_fg_100</textcolor>
                                            <font>font_small</font>
                                        </control>
                                        <control type="label">
                                            <label>  |  </label>
                                            <width>auto</width>
                                            <aligny>top</aligny>
                                            <height>40</height>
                                            <textcolor>$VAR[ColorHighlight]</textcolor>
                                            <font>font_small</font>
                                        </control>
                                        <control type="label">
                                            <label>$INFO[Window.Property(previous.season),S,]$INFO[Window.Property(previous.episode),E,]</label>
                                            <width>auto</width>
                                            <aligny>top</aligny>
                                            <height>40</height>
                                            <textcolor>main_fg_100</textcolor>
                                            <font>font_small</font>
                                        </control>
                                        <control type="label">
                                            <label>  |  </label>
                                            <width>auto</width>
                                            <aligny>top</aligny>
                                            <height>40</height>
                                            <textcolor>$VAR[ColorHighlight]</textcolor>
                                            <font>font_small</font>
                                        </control>
                                        
                                        <control type="label">
                                            <label>$INFO[Window.Property(previous.duration),, $LOCALIZE[31020]]</label>
                                            <width>auto</width>
                                            <aligny>top</aligny>
                                            <height>40</height>
                                            <textcolor>main_fg_100</textcolor>
                                            <font>font_small</font>
                                        </control>
                                    </control>
                                    <control type="group">
                                        <height>64</height>
                                        <top>-10</top>
                                        <include content="Object_StarRating">
                                            <param name="align" value="center" />
                                            <param name="rating_prop" value="Window.Property(previous.rating)" />
                                        </include>
                                    </control>
                                    <control type="textbox">
                                        <top>30</top>
                                        <label>$INFO[Window.Property(previous.plot)]</label>
                                        <height>270</height>
                                        <aligny>top</aligny>
                                        <align>center</align>
                                        <textcolor>main_fg_70</textcolor>
                                        <font>font_plotbox</font>
                                    </control>
                                </control>
                            </control>
                        </control>
                        <include>Object_Separator_Right</include>
                    </control>
                </control>
            </control>

            <!-- Large Poster -->
            <control type="group">
                <include>Animation_right</include>
                <width>view_right</width>
                <control type="group">
                    <control type="image">
                        <include>Defs_Shadow_Opaque</include>
                        <texture colordiffuse="AAffffff">common/gradient-solid.png</texture>
                    </control>
                    <include content="Object_BigPoster">
                        <param name="discart" value="false" />
                        <param name="aspect" value="scale" />
                        <param name="variable" value="$INFO[Window.Property(next.poster)]" />
                    </include>
                    <include>Object_Separator_Right</include>
                </control>
            </control>
        </control>

        <control type="grouplist" id="60">
            <control type="group" id="500">
                <control type="list" id="400">
                    <width>2</width>
                    <height>2</height>
                    <itemlayout width="1" height="1">
                        <control type="group">
                            <height>1</height>
                        </control>
                    </itemlayout>
                    <focusedlayout width="1" height="1">
                        <control type="group">
                            <height>1</height>
                        </control>
                    </focusedlayout>
                </control>
            </control>
        </control>


        <include>Topbar</include>


        <control type="group">
            <right>70</right>
            <width>320</width>
            <include>Animation_Home_Textbar_Slideover</include>
            <include>Home_Textbar_Texture</include>
            <include>Home_Textbar_Items</include>
        </control>
        <control type="group" id="200">
            <right>0</right>
            <width>74</width>
            <include>Home_Iconbar_Texture</include>
            <include>Home_Iconbar_Logo</include>
            <control type="group">
                <control type="group">
                    <top>view_top</top>
                    <height>148</height>
                    <control type="group">
                        <right>74</right>
                        <height>74</height>
                        <width>6</width>     
                        <visible>Control.HasFocus(202)</visible>
                        <control type="image">
                            <texture colordiffuse="$VAR[ColorHighlight]">common/white.png</texture>
                        </control>
                        <control type="group">
                            <include>Home_Separator</include>
                        </control>
                        <control type="group">
                            <top>74</top>
                            <include>Home_Separator</include>
                        </control>
                    </control>
                    <control type="group">
                        <top>74</top>
                        <right>74</right>
                        <height>74</height>
                        <width>6</width>     
                        <visible>Control.HasFocus(201)</visible>
                        <control type="image">
                            <texture colordiffuse="$VAR[ColorHighlight]">common/white.png</texture>
                        </control>
                        <control type="group">
                            <include>Home_Separator</include>
                        </control>
                        <control type="group">
                            <top>74</top>
                            <include>Home_Separator</include>
                        </control>
                    </control>
                    <control type="radiobutton" id="202">
                        <description>Spoiler</description>
                        <width>74</width>
                        <height>74</height>
                        <font/>
                        <onup>201</onup>
                        <ondown>201</ondown>
                        <onright>101</onright>                      
                        <texturenofocus colordiffuse="main_fg_30">special://skin/extras/icons/eye.png</texturenofocus>
                        <texturefocus colordiffuse="Selected">special://skin/extras/icons/eye.png</texturefocus>
                    </control>
                    <control type="button" id="201">
                        <description>Close</description>
                        <top>74</top>
                        <width>74</width>
                        <height>74</height>
                        <font/>
                        <onup>202</onup>
                        <ondown>202</ondown>
                        <onright>101</onright>                   
                        <texturenofocus colordiffuse="main_fg_30">special://skin/extras/icons/error.png</texturenofocus>
                        <texturefocus colordiffuse="Selected">special://skin/extras/icons/error.png</texturefocus>
                    </control>
                </control>
                <control type="group">
                    <top>view_top</top>
                    <control type="group">
                        <top>0</top>
                        <include>Home_Separator</include>
                    </control>
                    <control type="group">
                        <top>74</top>
                        <include>Home_Separator</include>
                    </control>
                    <control type="group">
                        <top>148</top>
                        <include>Home_Separator</include>
                    </control>
                </control>
            </control>
        </control>

        
    </controls>
</window>