<?xml version="1.0" encoding="UTF-8"?>
<window>
    <defaultcontrol always="true">4012</defaultcontrol>
    <zorder>0</zorder>
    <controls>
        <control type="label" id="4000"><visible>false</visible></control>
        <control type="group">
            <right>64</right>
            <bottom>64</bottom>
            <width>592</width>
            <height>333</height>
            <include>Animation_FadeIn_Slide</include>
            <include>Animation_FadeOut</include>
            <control type="label" description="text">
                <top>-64</top>
                <right>0</right>
                <right>20</right>
                <height>64</height>
                <aligny>center</aligny>
                <font>font_small</font>
                <label>$ADDON[service.nextup.notification 30010]</label>
                <textcolor>main_fg_100</textcolor>
                <shadowcolor>bf000000</shadowcolor>
            </control>

            <control type="image" description="fanart">
                <include>Defs_Shadow_Opaque</include>
                <fadetime>350</fadetime>
                <aspectratio scalediffuse="false">scale</aspectratio>
                <texture>$INFO[Player.Art(fanart)]</texture>
            </control>

            <control type="image" description="blackline">
                <width>100%</width>
                <height>64</height>
                <bottom>0</bottom>
                <aspectratio scalediffuse="false">scale</aspectratio>
                <texture colordiffuse="main_bg_70">common/white.png</texture>
            </control>

            <control type="image" description="blackline">
                <height>64</height>
                <width>64</width>
                <centertop>50%</centertop>
                <centerright>50%</centerright>
                <aspectratio scalediffuse="false">keep</aspectratio>
                <texture colordiffuse="main_bg_70">common/circle.png</texture>
            </control>
            <control type="label">
                <description>Remaining</description>
                <centertop>50%</centertop>
                <centerright>50%</centerright>
                <width>885</width>
                <font>font_medium_bold</font>
                <align>center</align>
                <textcolor>main_fg_100</textcolor>
                <label>$INFO[Player.TimeRemaining(ss)]</label>
            </control>


            <control type="label" description="text">
                <right>20</right>
                <right>120</right>
                <height>64</height>
                <bottom>0</bottom>
                <aligny>center</aligny>
                <font>font_tiny</font>
                <label>$INFO[Control.GetLabel(4000)]</label>
                <textcolor>Selected</textcolor>
            </control>

            <control type="button" id="4012">
                <description>Play</description>
                <right>64</right>
                <bottom>8</bottom>
                <width>48</width>
                <height>48</height>
                <label></label>
                <align>center</align>
                <aligny>center</aligny>
                <textoffsetx>0</textoffsetx>
                <onright>4013</onright>
                <onright>4013</onright>
                <font>font_tiny_bold</font>
                <textcolor>main_fg_100</textcolor>
                <focusedcolor>Selected</focusedcolor>
                <texturefocus colordiffuse="$VAR[ColorHighlight]" border="5">common/white.png</texturefocus>
                <texturenofocus colordiffuse="00ffffff" border="5">noop</texturenofocus>
            </control>
            <control type="image">
                <description>Play</description>
                <right>72</right>
                <bottom>16</bottom>
                <width>32</width>
                <height>32</height>
                <texture>common/playwhite.png</texture>
                <aspectratio>keep</aspectratio>
                <animation effect="fade" start="100" end="50" time="0" condition="!Control.HasFocus(4012)">Conditional</animation>
            </control>
            <control type="button" id="4013">
                <description>Cancel</description>
                <right>8</right>
                <bottom>8</bottom>
                <width>48</width>
                <height>48</height>
                <label>X</label>
                <align>center</align>
                <aligny>center</aligny>
                <textoffsetx>0</textoffsetx>
                <onright>4012</onright>
                <onright>4012</onright>
                <font>font_tiny_bold</font>
                <textcolor>main_fg_100</textcolor>
                <focusedcolor>Selected</focusedcolor>
                <texturefocus colordiffuse="$VAR[ColorHighlight]" border="5">common/white.png</texturefocus>
                <texturenofocus colordiffuse="00ffffff" border="5">noop</texturenofocus>
            </control>
        </control>
    </controls>
</window>