<?xml version="1.0" encoding="UTF-8"?>
<!-- Foundation -->
<window>
    <defaultcontrol always="true">150</defaultcontrol>
    <onload>ClearProperty(FocusedList,Home)</onload>
    <onunload>ClearProperty(FocusedList,Home)</onunload>
    <onunload>SetFocus(50)</onunload>
    <controls>

        <control type="group">
            <height>topbar_height</height>
            <include>Topbar_TextDetails</include>
        </control>
        <control type="group">
            <width>view_right</width>
            <include>Animation_Home_Textbar_Slideover_Library</include>
            <include>View_Group</include>
            <include>Animation_right_Delay</include>
            <control type="image">
                <include>Defs_Shadow_Opaque</include>
                <texture colordiffuse="AAffffff">common/gradient-solid.png</texture>
            </control>
            <include content="Object_BigPoster">
                <param name="discart" value="false" />
                <param name="variable" value="$INFO[Window.Property(thumb)]" />
            </include>
            <include>Object_Separator_Right</include>
        </control>

        <control type="group">
            <include>Animation_Right_Delay</include>
            <top>view_top</top>
            <include>Animation_Home_Textbar_Slideover_Library</include>
            <!-- Plot -->
            <control type="group">
                <right>info_right</right>
                <top>20</top>
                <right>70</right>
                <control type="grouplist">
                    <top>20</top>
                    <height>42</height>
                    <right>0</right>
                    <align>right</align>
                    <itemgap>12</itemgap>
                    <usecontrolcoords>true</usecontrolcoords>
                    <orientation>horizontal</orientation>
                    <include>Object_DownArrows</include>
                    <control type="label">
                        <font>font_small</font>
                        <textcolor>main_fg_100</textcolor>
                        <aligny>center</aligny>
                        <width>auto</width>
                        <height>100%</height>
                        <label>$LOCALIZE[21887]</label>
                    </control>
                </control>
                <control type="textbox">
                    <top>70</top>
                    <height>130</height>
                    <textcolor>main_fg_70</textcolor>
                    <font>font_plotbox</font>
                    <label>$INFO[Window.Property(biography)]</label>
                </control>
            </control>

            <!-- Cast / Directed By -->
            <control type="group" id="9000">
                <top>230</top>
                <right>info_right</right>
                <right>0</right>
                <height>420</height>
                
                <control type="grouplist">
                    <top>20</top>
                    <height>42</height>
                    <right>0</right>
                    <right>80</right>
                    <align>right</align>
                    <itemgap>12</itemgap>
                    <usecontrolcoords>true</usecontrolcoords>
                    <orientation>horizontal</orientation>
                    <include>Object_DownArrows</include>
                    <control type="label">
                        <font>font_small</font>
                        <textcolor>main_fg_100</textcolor>
                        <aligny>center</aligny>
                        <width>100%</width>
                        <height>100%</height>
                        <label>$VAR[Label_VideoInfo_Title]$VAR[Label_VideoInfo_InfoLine, ,]</label>
                    </control>
                </control>

                <!-- Movies -->
                <control type="list" id="150">
                    <visible allowhiddenfocus="true">String.IsEqual(Window(Home).Property(FocusedList),150) | Control.HasFocus(150) | String.IsEmpty(Window(Home).Property(FocusedList))</visible>
                    <include>Animation_FadeInOut</include>
                    <onright>300</onright>
                    <onright>noop</onright>
                    <include>View_Info_Movement</include>
                    <onfocus>SetProperty(FocusedList,150,Home)</onfocus>
                    <orientation>horizontal</orientation>
                    <animation effect="fade" start="100" end="0" time="0" condition="Container(150).IsUpdating">Conditional</animation>
                    <include content="View_Actor_Layout">
                        <param name="id" value="150" />
                        <param name="infolabel" value="false" />
                    </include>
                </control>
                <include content="Dialog_VideoInfo_BusyIndicator">
                    <param name="id" value="150" />
                </include>

                <!-- TV -->
                <control type="list" id="250">
                    <visible allowhiddenfocus="true">String.IsEqual(Window(Home).Property(FocusedList),250) | Control.HasFocus(250)</visible>
                    <include>Animation_FadeInOut</include>
                    <onright>300</onright>
                    <onright>noop</onright>
                    <include>View_Info_Movement</include>
                    <onfocus>SetProperty(FocusedList,250,Home)</onfocus>
                    <orientation>horizontal</orientation>
                    <animation effect="fade" start="100" end="0" time="0" condition="Container(250).IsUpdating">Conditional</animation>
                    <include content="View_Actor_Layout">
                        <param name="id" value="250" />
                        <param name="infolabel" value="false" />
                    </include>
                </control>
                <include content="Dialog_VideoInfo_BusyIndicator">
                    <param name="id" value="250" />
                </include>

                <!-- Youtube -->
                <control type="list" id="350">
                    <visible allowhiddenfocus="true">String.IsEqual(Window(Home).Property(FocusedList),350) | Control.HasFocus(350)</visible>
                    <include>Animation_FadeInOut</include>
                    <onright>300</onright>
                    <onright>noop</onright>
                    <include>View_Info_Movement</include>
                    <onfocus>SetProperty(FocusedList,350,Home)</onfocus>
                    <orientation>horizontal</orientation>
                    <animation effect="fade" start="100" end="0" time="0" condition="Container(350).IsUpdating">Conditional</animation>
                    <include content="View_Actor_Layout">
                        <param name="id" value="350" />
                        <param name="infolabel" value="false" />
                        <param name="itemwidth" value="567" />
                    </include>
                </control>
                <include content="Dialog_VideoInfo_BusyIndicator">
                    <param name="id" value="350" />
                </include>

                <!-- Crew -->
                <control type="list" id="550">
                    <visible allowhiddenfocus="true">String.IsEqual(Window(Home).Property(FocusedList),550) | Control.HasFocus(550)</visible>
                    <include>Animation_FadeInOut</include>
                    <onright>300</onright>
                    <onright>noop</onright>
                    <include>View_Info_Movement</include>
                    <onfocus>SetProperty(FocusedList,550,Home)</onfocus>
                    <orientation>horizontal</orientation>
                    <animation effect="fade" start="100" end="0" time="0" condition="Container(550).IsUpdating">Conditional</animation>
                    <include content="View_Actor_Layout">
                        <param name="id" value="550" />
                        <param name="infolabel" value="false" />
                    </include>
                </control>
                <include content="Dialog_VideoInfo_BusyIndicator">
                    <param name="id" value="550" />
                </include>

            </control>

            <!-- Info -->
            <control type="grouplist">
                <right>info_right</right>
                <top>658</top>
                <right>70</right>
                <orientation>vertical</orientation>
                <control type="group">
                    <height>42</height>
                    <visible>!String.IsEmpty(Window.Property(PlaceOfBirth))</visible>
                    <control type="label">
                        <font>font_small</font>
                        <textcolor>main_fg_30</textcolor>
                        <aligny>center</aligny>
                        <width>info_details_width</width>
                        <align>right</align>
                        <textoffsetx>20</textoffsetx>
                        <height>100%</height>
                        <label>$ADDON[script.extendedinfo 32014]</label>
                    </control>
                    <control type="label">
                        <height>42</height>
                        <right>info_details_width</right>
                        <font>font_small</font>
                        <textcolor>main_fg_100</textcolor>
                        <aligny>center</aligny>
                        <width>auto</width>
                        <label>$INFO[Window.Property(PlaceOfBirth)]</label>
                    </control>
                </control>
                <control type="group">
                    <height>42</height>
                    <visible>!String.IsEmpty(Window.Property(Birthday))</visible>
                    <control type="label">
                        <font>font_small</font>
                        <textcolor>main_fg_30</textcolor>
                        <aligny>center</aligny>
                        <width>info_details_width</width>
                        <align>right</align>
                        <textoffsetx>20</textoffsetx>
                        <height>100%</height>
                        <label>$ADDON[script.extendedinfo 32012]</label>
                    </control>
                    <control type="label">
                        <height>42</height>
                        <right>info_details_width</right>
                        <font>font_small</font>
                        <textcolor>main_fg_100</textcolor>
                        <aligny>center</aligny>
                        <width>auto</width>
                        <label>$INFO[Window.Property(Birthday)]</label>
                    </control>
                </control>
                <control type="group">
                    <height>42</height>
                    <visible>!String.IsEmpty(Window.Property(DeathDay))</visible>
                    <control type="label">
                        <font>font_small</font>
                        <textcolor>main_fg_30</textcolor>
                        <aligny>center</aligny>
                        <width>info_details_width</width>
                        <align>right</align>
                        <textoffsetx>20</textoffsetx>
                        <height>100%</height>
                        <label>$ADDON[script.extendedinfo 32013]</label>
                    </control>
                    <control type="label">
                        <height>42</height>
                        <right>info_details_width</right>
                        <font>font_small</font>
                        <textcolor>main_fg_100</textcolor>
                        <aligny>center</aligny>
                        <width>auto</width>
                        <label>$INFO[Window.Property(DeathDay)]</label>
                    </control>
                </control>
                <control type="group">
                    <height>42</height>
                    <visible>!String.IsEmpty(Window.Property(Age))</visible>
                    <control type="label">
                        <font>font_small</font>
                        <textcolor>main_fg_30</textcolor>
                        <aligny>center</aligny>
                        <width>info_details_width</width>
                        <align>right</align>
                        <textoffsetx>20</textoffsetx>
                        <height>100%</height>
                        <label>$ADDON[script.extendedinfo 32020]</label>
                    </control>
                    <control type="label">
                        <height>42</height>
                        <right>info_details_width</right>
                        <font>font_small</font>
                        <textcolor>main_fg_100</textcolor>
                        <aligny>center</aligny>
                        <width>auto</width>
                        <label>$INFO[Window.Property(Age)]</label>
                    </control>
                </control>
            </control>  
        </control>



        <control type="group">
            <right>70</right>
            <width>320</width>
            <include>Animation_Home_Textbar_Slideover</include>
            <include>Home_Textbar_Texture</include>
            <include>Home_Textbar_Items</include>
        </control>
        <control type="group">
            <right>0</right>
            <width>74</width>
            <include>Home_Iconbar_Texture</include>
            <include>Home_Iconbar_Logo</include>
            <control type="group">
                <control type="list" id="300">
                    <onright condition="Control.IsVisible(150)">150</onright>
                    <onright condition="Control.IsVisible(250)">250</onright>
                    <onright condition="Control.IsVisible(350)">350</onright>
                    <onright condition="Control.IsVisible(550)">550</onright>
                    <include>Home_OnFocus</include>
                    <include>Home_VideoInfo_Layout</include>
                    <include>Home_MainMenu_ExtInfoItems2</include>
                </control>
                <control type="group">
                    <top>view_top</top>
                    <height>74</height>
                    <control type="group">
                        <right>74</right>
                        <width>6</width>     
                        <visible>Control.HasFocus(8)</visible>
                        <control type="image">
                            <texture colordiffuse="$VAR[ColorHighlight]">common/white.png</texture>
                        </control>
                        <control type="group">
                            <include>Home_Separator</include>
                        </control>
                        <control type="group">
                            <top>74</top>
                            <include>Home_Separator</include>
                        </control>
                    </control>
                    <control type="button" id="8">
                        <description>Play button</description>
                        <label>208</label>
                        <width>74</width>
                        <height>74</height>
                        <font/>
                        <onright>SetFocus(50,0)</onright>
                        <onright>SetFocus(300,0)</onright>
                        <onup>SetFocus(300,0)</onup>
                        <ondown>SetFocus(300,0)</ondown>
                        <visible>!String.IsEmpty(Window.Property(DBID)) + !String.IsEqual(Window.Property(Type),tvshow)</visible>
                        <visible>String.IsEmpty(Window(home).Property(globalsearch))</visible>
                        <visible>!Window.IsVisible(VideoFullScreen.xml)</visible>
                        <visible allowhiddenfocus="true">Control.HasFocus(8)</visible>
                        <texturenofocus colordiffuse="00ffffff">special://skin/extras/icons/play3.png</texturenofocus>
                        <texturefocus colordiffuse="Selected">special://skin/extras/icons/play3.png</texturefocus>
                    </control>
                </control>
                <control type="group">
                    <top>view_top</top>
                    <include>Home_Separator</include>
                </control>
            </control>
        </control>

        <include>Object_PlotOverlay</include>

        <!-- Hidden Buttons -->
        <!-- Movies -->
        <control type="button" id="9001">
            <label>$ADDON[script.extendedinfo 32010]</label>
            <onclick>SetProperty(VideoInfo_InfoLine,$INFO[Window.Property(label),$ADDON[script.extendedinfo 32010] (,)],Home)</onclick>
            <onclick>SetProperty(FocusedList,150,Home)</onclick>
            <onclick>SetFocus(150)</onclick>
            <onfocus>ClearProperty(content)</onfocus>
            <include>Defs_Hidden_Button</include>
            <enable>Integer.IsGreater(Container(150).NumItems,0)</enable>
        </control>
        
        <!-- TvShows -->
        <control type="button" id="9002">
            <label>20343</label>
            <onclick>SetProperty(VideoInfo_InfoLine,$INFO[Window.Property(label),$LOCALIZE[20343] (,)],Home)</onclick>
            <onclick>SetProperty(FocusedList,250,Home)</onclick>
            <onclick>SetFocus(250)</onclick>
            <onfocus>ClearProperty(content)</onfocus>
            <include>Defs_Hidden_Button</include>
            <enable>Integer.IsGreater(Container(250).NumItems,0)</enable>
        </control>

        <!-- YouTube -->
        <control type="button" id="9003">
            <label>$ADDON[script.extendedinfo 32118]</label>
            <onclick>SetProperty(VideoInfo_InfoLine,$INFO[Window.Property(label),$ADDON[script.extendedinfo 32118] (,)],Home)</onclick>
            <onclick>SetProperty(FocusedList,350,Home)</onclick>
            <onclick>SetFocus(350)</onclick>
            <onfocus>ClearProperty(content)</onfocus>
            <include>Defs_Hidden_Button</include>
            <enable>Integer.IsGreater(Container(350).NumItems,0)</enable>
        </control>

        <!-- As Crew -->
        <control type="button" id="9004">
            <label>$ADDON[script.extendedinfo 32115]</label>
            <onclick>SetProperty(VideoInfo_InfoLine,$INFO[Window.Property(label),$ADDON[script.extendedinfo 32115] (,)],Home)</onclick>
            <onclick>SetProperty(FocusedList,550,Home)</onclick>
            <onclick>SetFocus(550)</onclick>
            <onfocus>ClearProperty(content)</onfocus>
            <include>Defs_Hidden_Button</include>
            <enable>Integer.IsGreater(Container(550).NumItems,0)</enable>
        </control>

        <!-- Dummy Lists -->
        <control type="list" id="450"><visible>false</visible></control>
        <control type="list" id="650"><visible>false</visible></control>
        <control type="list" id="750"><visible>false</visible></control>
    </controls>

</window>
