<?xml version="1.0" encoding="UTF-8"?>
<!-- Foundation -->
<window id="34">
    <defaultcontrol always="true">4</defaultcontrol>
    <controls>

        <include>Global_Background</include>
        <include>View_Layout</include>

        <!-- GroupList -->
        <control type="group">
            <include>Dialog_Settings_Panel</include>
            <include>Animation_Home_Textbar_Slideover</include>
            <control type="group">
                <right>320</right>
                <right>-290</right>
                <control type="label">
                    <right>40</right>
                    <height>74</height>
                    <label>$LOCALIZE[10039] $LOCALIZE[5]</label>
                    <font>font_button</font>
                    <textcolor>main_fg_30</textcolor>
                </control>

                <control type="group">
                    <top>74</top>
                    <height>740</height>

                <!-- right Gradient Fade -->
                <control type="image">
                    <top>0</top>
                    <height>74</height>
                    <width>450</width>
                    <texture colordiffuse="$VAR[ColorHighlight]">common/white.png</texture>
                    <visible>Control.HasFocus(4)</visible>
                </control>
                <!-- right Group -->
                <control type="radiobutton" id="4">
                    <top>0</top>
                    <onright>300</onright>
                    <onright>2</onright>
                    <width>450</width>
                    <label>20096</label>
                    <radioposx>395</radioposx>
                    <include>Defs_Settings_Button</include>
                </control>

                <!-- Right Group -->
                <control type="panel" id="2">
                    <description>Control Area</description>
                    <right>450</right>
                    <right>0</right>
                    <top>0</top>
                    <bottom>74</bottom>
                    <onright>4</onright>
                    <onup>noop</onup>
                    <ondown>noop</ondown>
                    <orientation>vertical</orientation>
                    <scrolltime>0</scrolltime>
                    <itemlayout height="74" width="1384">
                        <control type="label">
                            <right>50</right>
                            <right>50</right>
                            <textcolor>main_fg_100</textcolor>
                            <info>ListItem.Label</info>
                        </control>
                        <control type="label">
                            <right>50</right>
                            <right>50</right>
                            <align>right</align>
                            <font>font_tiny</font>
                            <textcolor>main_fg_100</textcolor>
                            <info>ListItem.Label2</info>
                        </control>
                    </itemlayout>

                    <focusedlayout height="74" width="1384">
                        <control type="group">
                            <control type="image">
                                <width>100%</width>
                                <texture border="5" colordiffuse="$VAR[ColorHighlight]">common/white.png</texture>
                            </control>
                            <control type="image">
                                <width>100%</width>
                                <texture border="5" colordiffuse="$VAR[ColorHighlight2]">common/gradient-diffuse-horizontal.png</texture>
                            </control>
                            <control type="label">
                                <right>50</right>
                                <right>50</right>
                                <textcolor>Selected</textcolor>
                                <info>ListItem.Label</info>
                            </control>
                            <control type="label">
                                <right>50</right>
                                <right>50</right>
                                <align>right</align>
                                <font>font_tiny</font>
                                <textcolor>Selected</textcolor>
                                <info>ListItem.Label2</info>
                            </control>
                        </control>
                    </focusedlayout>
                </control>

                <!-- Lines -->
                <include>Defs_Settings_Line</include>

                <!-- Arrows -->
                <include content="Defs_Settings_Arrows">
                    <param name="id" value="5" />
                </include>
            </control>
            <!-- Info -->
                <control type="grouplist">
                    <right>40</right>
                    <right>30</right>
                    <top>776</top>
                    <bottom>0</bottom>
                    <orientation>vertical</orientation>
                    <itemgap>0</itemgap>
                    <control type="label">
                        <height>50</height>
                        <label>$LOCALIZE[19033]</label>
                        <font>font_button</font>
                        <textcolor>main_fg_30</textcolor>
                    </control>
                    <control type="textbox">
                        <height>64</height>
                        <label fallback="19055">31234</label>
                        <font>font_tiny</font>
                        <textcolor>main_fg_70</textcolor>
                    </control>
                </control>
            </control>
        </control>

        <include>Topbar</include>
        <include>Home</include>


        
    </controls>

</window>
