<?xml version="1.0" encoding="UTF-8"?>
<!-- Foundation -->
<window id="11">
	<defaultcontrol always="true">8</defaultcontrol>


	<controls>

		<control type="videowindow" id="20">
			<description>videowindow</description>
			<include>Dimensions_Fullscreen</include>
		</control>

		<control type="mover" id="8">
			<description>top right mover</description>
			<right>0</right>
			<top>0</top>
			<width>192</width>
			<height>192</height>
			<texturefocus>other_textures/CalibrateTopright.png</texturefocus>
			<texturenofocus/>
		</control>

		<control type="mover" id="9">
			<description>right bottom mover</description>
			<right>1050</right>
			<top>750</top>
			<width>192</width>
			<height>192</height>
			<texturefocus>other_textures/CalibrateBottomRight.png</texturefocus>
			<texturenofocus/>
		</control>

		<control type="mover" id="10">
			<description>subtitle position mover</description>
			<right>300</right>
			<top>750</top>
			<width>768</width>
			<height>192</height>
			<texturefocus>other_textures/CalibrateSubTitles.png</texturefocus>
			<texturenofocus/>
		</control>

		<control type="resize" id="11">
			<description>pixel aspect ratio box</description>
			<right>0</right>
			<top>348</top>
			<width>384</width>
			<height>384</height>
			<texturefocus>other_textures/CalibratePixelRatio.png</texturefocus>
			<texturenofocus/>
		</control>

		<control type="label" id="2">
			<description>coordinates label</description>
			<right>30</right>
			<top>60</top>
			<width>1860</width>
			<align>center</align>
			<label/>
		</control>

		<control type="label" id="3">
			<description>help information</description>
			<right>30</right>
			<top>105</top>
			<width>1860</width>
			<align>center</align>
			<label/>
		</control>

	</controls>

</window>