<?xml version="1.0" encoding="UTF-8"?>
<!-- Foundation -->
<window>
    <defaultcontrol always="true">9315</defaultcontrol>
    <onload>SetProperty(SkinInitStarted,1,home)</onload>
    <controls>
        <control type="image" description="Background">
            <include>Dimensions_Fullscreen</include>
            <texture>special://skin/yugen.png</texture>
            <animation effect="fade" start="0" end="500" time="900" tween="quadratic">WindowOpen</animation>
            <animation effect="fade" start="500" end="0" time="1700" tween="quadratic">WindowClose</animation>
            <visible>String.IsEmpty(Skin.String(StartupPlaylist))</visible>
        </control>
		<control type="label">
            <description>Loading</description>
            <width>100%</width>
            <height>100%</height>
            <align>center</align>
            <aligny>center</aligny>
            <label>Welcome to[COLOR=$VAR[ColorHighlight]] Yugen[/COLOR]</label>
            <font>NTV Start</font>

            <animation effect="fade" start="600" end="0" time="1700" tween="quadratic">WindowClose</animation>
            <visible>String.IsEmpty(Skin.String(StartupPlaylist))</visible>
        </control>
        <control type="button" id="9315">
            <visible allowhiddenfocus="true">false</visible>
            <onfocus condition="!Skin.HasSetting(SkinHelper.EnablePVRThumbs)">Skin.SetBool(SkinHelper.EnablePVRThumbs)</onfocus>
            <onfocus condition="!Skin.HasSetting(SkinHelper.EnableMusicArt)">Skin.SetBool(SkinHelper.EnableMusicArt)</onfocus>

            <onfocus condition="String.IsEmpty(Skin.String(colorbox_effect))">Skin.SetString(colorbox_effect,blur)</onfocus>
            <onfocus>Skin.SetString(colorbox_quality,8)</onfocus>
            <onfocus>Skin.SetString(colorbox_blursize,5)</onfocus>
            <onfocus>Skin.SetString(colorbox_bitsize,1)</onfocus>
            <onfocus>Skin.SetString(colorbox_pixelsize,12)</onfocus>
            <onfocus>Skin.SetString(colorbox_black,000000)</onfocus>
            <onfocus>Skin.SetString(colorbox_white,ffffff)</onfocus>
            <onfocus>Skin.SetString(colorbox_main,main:fhls*-;0.45;0.9)</onfocus>
            <onfocus>Skin.SetString(colorbox_comp,main:hls*0.75;0;0@fhls*-;0.45;0.9)</onfocus>
            <onfocus condition="System.HasAddon(script.colorbox) + [Skin.HasSetting(EnableBlur) | Skin.HasSetting(MatchColors)]">RunScript(script.colorbox,daemon=True)</onfocus>
            <onfocus condition="Skin.HasSetting(EnableBlur)">SetProperty(FIVE_daemon_set,$INFO[Skin.String(colorbox_effect)],home)</onfocus>
            <onfocus condition="Skin.HasSetting(MatchColors) | Skin.HasSetting(CycleColors)">SetProperty(SEVEN_daemon_set,True,home)</onfocus>

            <onfocus condition="System.HasAddon(script.colorbox)">AlarmClock(nms1,SetProperty(NINE_manual_set,"var=main,set=$INFO[Skin.String(colorbox_main)]|var=comp,set=$INFO[Skin.String(colorbox_comp)]|var=quality,set=$INFO[Skin.String(colorbox_quality)]|var=blursize,set=$INFO[Skin.String(colorbox_blursize)]|var=bitsize,set=$INFO[Skin.String(colorbox_bitsize)]|var=pixelsize,set=$INFO[Skin.String(colorbox_pixelsize)]|var=black,set=$INFO[Skin.String(colorbox_black)]|var=white,set=$INFO[Skin.String(colorbox_white)]",home),00:05,true)</onfocus> 

            <onfocus condition="String.IsEmpty(Window(home).Property(SkinInitStarted)) + !String.IsEmpty(Skin.String(StartupPlaylist))">PlayMedia($ESCINFO[Skin.String(StartupPlaylist)])</onfocus>
            <onfocus condition="!Player.HasVideo + !String.IsEmpty(Skin.String(StartupPlaylist))">ReplaceWindow($INFO[System.StartupWindow])</onfocus>
            <onfocus condition="String.IsEmpty(Skin.String(StartupPlaylist))">AlarmClock(GoHome,ReplaceWindow($INFO[System.StartupWindow]),00:01,silent,false)</onfocus>
        </control>
    </controls>
</window>
