<?xml version="1.0" encoding="UTF-8"?>
<!-- Foundation -->
<window id="2005">
    <defaultcontrol>-</defaultcontrol>
    <onload>SetProperty(ShowTopbar,0,Home)</onload>
    <onload>ClearProperty(ViewType,Home)</onload>
    <controls>

        <control type="group" id="0">
            <right>0</right>
            <include>Animation_FadeIn</include>
            <visible>Control.IsVisible(10) | Control.IsVisible(11) | Control.IsVisible(12)</visible>
            <control type="image">
                <width>1920</width>
                <height>445</height>
                <texture colordiffuse="OSDBack" flipy="false">common/white.png</texture>
            </control>
            <control type="grouplist">
                <right>20</right>
                <top>140</top>
                <orientation>vertical</orientation>
                <control type="label" id="10">
                    <description>row 1 label</description>
                    <width>auto</width>
                    <height>75</height>
                    <align>right</align>
                    <aligny>top</aligny>
                    <textcolor>panel_fg_100</textcolor>
                </control>
                <control type="label" id="11">
                    <description>row 2 label</description>
                    <height>75</height>
                    <width>auto</width>
                    <align>right</align>
                    <aligny>top</aligny>
                    <textcolor>panel_fg_100</textcolor>
                </control>
                <control type="label" id="12">
                    <description>row 3 label</description>
                    <width>auto</width>
                    <height>75</height>
                    <align>right</align>
                    <aligny>top</aligny>
                    <textcolor>panel_fg_100</textcolor>
                </control>
            </control>
        </control>

        

    </controls>

</window>
